TransactionID,IsFraud
aee8d5ea-2590-47db-8605-661f5df9b416,True
fcaa8f47-cf53-4cb1-a1b9-324dc3e86721,True
e03b7faf-aa94-4a74-a7dc-8b1581bac09a,True
8abede84-ae71-4b37-bb59-6abba204f550,False
b2b8fc08-7c82-4306-a697-f61e83988a5a,True
e826ca91-5536-408e-9de6-7245bc0d2714,True
ca041381-009f-475a-8272-c71b78294c98,True
fbd081c1-a1cd-469a-917c-d2132a96d058,True
f22a2ce7-811b-4082-8d33-092f68392944,False
b84d31fb-b2f6-4e0b-9ae6-77f9c5546a22,True
71b451c3-1517-4f4b-8dda-3c14616ea508,True
4474cbd2-bbdf-412a-80fd-56737de6896b,False
767827ce-b9fa-48ee-8ae8-e8acee85cd50,False
07dc0ef1-4279-43af-bc07-fb9472cb6bb2,False
a548f686-58fb-4ef8-b97f-e77c4669c3d8,True
be3e2f2f-32a1-4f31-bb1e-7ec1f016f084,False
3c976307-acf5-499d-97a1-37788d7a353a,True
40c0bed0-f9e6-4a96-954f-dafefc29e2ed,True
66c2986a-2063-4c42-bfa1-3a636e6858eb,True
6b301c99-0c03-485b-ba77-c63c4a07c964,False
3a105198-5412-44e8-b9b0-e7f4a6f4fa81,True
566def6d-69a2-4747-b883-bb1a3872494c,False
99d84cfe-e16d-444c-ad40-42ca72db93c0,False
7ab6748c-b10e-4fe6-988f-7eabc6f176cc,True
5fdc35a3-6f9a-450d-80b1-086dfdabad6c,False
364633e3-6055-45cf-b640-5c1243b75e39,False
0b1f5815-04b4-4c1c-a73b-2dfe8abdffcb,True
a37ee88d-c511-4c7e-b295-1ba0c40e32d8,False
34e8955a-26f6-4c3d-9306-620b5ed5922a,True
787de500-6d2d-4e7c-a067-0020b1f2384e,False
2a801f54-657d-4c59-96a7-1bc6ec901111,False
5790c45b-8ccd-4065-833d-458b260c1244,False
07e8fc7b-411c-4f6f-b45d-0fd9d1a6fd2f,False
90b7b4e4-f6de-4670-af89-a0a0f1474edb,False
3a47de9d-0fae-4c15-845d-3bbdde8233d5,True
37494bf7-a68f-45ae-a688-5488a7bb148a,True
c9ee7875-1267-437d-b733-b257c16e11a1,False
585af99a-9a78-4f85-8728-869d3df99ca5,False
dbb8f76a-8409-4c01-909e-b854d36983f5,True
aa415f3e-fb7e-43c2-826c-c2c3c82a8f13,True
4d833b21-3d1d-4439-b19f-9dbc512068c0,True
b7bd3137-eaf7-445d-a3ca-bbecbcc9a66f,False
1deaa64b-c882-4d7c-adb0-b5c7f83e5e2e,False
20b7a4c1-8254-4594-9e11-95314790f0db,False
52fe1e33-d225-4011-b85c-1e278735f14f,True
326ebf30-e007-4663-86aa-0cd0686e8517,True
b60d853c-84d5-4cb8-97e0-44c20b66b048,True
7d6a3011-af5d-4018-9595-0458b39fcbd3,False
89451c11-98bb-4150-afa6-d78eb37ed293,True
c1cc0d52-ad17-4350-9152-34c7948b70d4,True
2b8444ef-3461-42aa-bbcb-cf252c541bcc,True
20e1cdee-6b86-4662-afa2-b2f579030d65,True
1ec2264a-9363-41fe-80d9-09aaf62d7938,True
13ac3c4b-a557-4029-8d8b-ddaf157d2153,True
acd0c2da-9401-4ead-b620-8d8207eeae41,False
2af7f028-c579-40fd-adac-f6cd17206dd6,True
71ef0714-8480-4014-94fc-5c8310f3e23c,False
51bbaead-6440-47e8-a73b-c1f293ea9cf3,False
186364c7-edad-4242-9284-bafa2d203a23,True
c597a71b-c903-488c-b779-2b63e1a5b224,False
1c2234c2-1555-4fbe-90a5-ab44fbe9b475,True
726fc128-5cf3-4cfd-8f99-d8221847caf2,True
e24815d2-7b39-42eb-8460-68caca502c4e,True
90ef40cb-87e9-44c5-a39e-fdf04db4b310,True
4adbe8e0-6f94-4a87-a7ba-d84088c4e55d,False
aa0071f8-d743-4eee-b69e-682afdd078a6,True
ce646010-7f2e-4ff9-b6dc-c8e3109b4dc3,False
d32cd96c-9d42-413c-a126-14d2d15718dd,True
cf60ae29-1766-4a50-925e-1295bed60784,True
401fb5c7-f737-4a87-8f08-144e39baea08,True
7090e5fa-4505-4d0b-afd0-e7d07a0fa09b,True
2c3a674a-8a02-42ee-8b2d-34c0b33b7abd,True
5986567d-6dfe-4d46-9af2-4e895bcd37e2,False
69eb4b13-2528-4ded-8873-b2ad35e999b9,True
5a9faceb-5bff-4633-8be3-b7b4230fc2e2,False
8e20d111-79ca-4227-9deb-1541a4f77600,True
49b2a536-c190-484d-82f1-7af8d59b5248,True
f2acb18b-d87e-4729-8867-03c89099ae57,True
405d34a0-eade-4bd1-97a3-2828e5239100,True
3c113e7d-d3a0-435f-85b8-e841535eac1e,False
741e96b5-a94b-410b-a581-7508c6c62e61,True
e2bc94cc-5508-4268-b06e-212348c03481,True
1dfc7bed-ab7e-4e3f-beda-1cb4e2268576,True
a9048734-7fd0-4e9d-86d7-7c250ff9fee7,True
b6bd7204-af26-422f-9a1b-96b7b4e34119,False
d4b25d97-6665-49a7-9743-75aa0ee0bc4d,True
e954d36b-779b-484a-968c-6e3332bbde7a,False
63c9e11e-675c-426f-b686-232d30d668df,True
b0d76d11-15b9-497c-a009-ce0ead30fa02,False
38c195ec-1536-4517-aa40-29d714ccf57e,False
210169fd-5893-46e3-9cf6-8f945396d599,True
00bc9db4-323e-4b76-9532-b4d221878c0f,False
96c39ec8-5f57-4b8a-8ad4-43a9bf5d65e2,True
638dd171-b9ad-4442-95e5-d26c91585e01,True
b1112373-ca5e-4cde-b45e-cbb1a0838f49,True
723f450c-8144-4a75-946f-2c7a6744f98c,False
8d0b6dc0-517e-4fc9-a536-ffd32365cc05,True
caaa78f7-d94f-46b4-9678-92e760463410,True
ffd72139-e969-4709-bc55-4e2cfc8c85e7,False
6a1ec35e-fc7c-44ca-8eca-60089bc59e61,True
e05a36c1-4bc8-4223-9a82-c463ca386719,False
fff83e40-7571-4f21-9948-d9bfdfd9d895,False
0059c3ea-c53a-4bc4-b52c-720cc4b1c104,True
fed24a3c-c695-4c22-b8c7-a88404ec073c,True
f0e1eca9-4624-4b65-b63a-fbcc2d33128f,True
3bb0ca1e-8ca0-476a-a315-550830ec1dfb,True
2d7dcef0-edba-43eb-962e-31829ef2d7f5,True
9301a5c4-5da9-42ac-848b-3295b3e4ec2a,False
5cb0dfa3-b447-423f-b9b3-96af6d55d238,True
20bd2d56-a7ed-4517-9778-ac64e286896c,True
9bb339b2-3f6b-4248-8099-3030a6754439,True
e6240bf8-995e-43fe-8b99-6f8b0d1f286f,True
bbdd9023-5b5e-402e-97ad-86b936dca0b6,False
aee8ffb4-e106-407e-a2c7-bbca49cdfbce,True
d38d518e-acf6-4509-9ea4-b07bde5a24e2,False
66ee640d-5a56-4ef0-9f58-f7abf4e37d8a,True
cf985634-7207-4c97-9f17-6c982911550d,False
b2906084-bdcd-47d8-a17f-d1b437836dae,True
33746042-bb94-4229-bd7a-e8765437535f,False
1abc3f48-5b91-482b-ae75-dd01efd66f38,False
b87d2df2-2baa-431d-971a-b26a3d10314f,True
dc6856c1-7f4b-41f5-ab8a-a6d803d82c92,False
462c4adc-cd7d-4a97-a0de-4a42eb57810d,True
1e1090f2-7e94-411e-8cd7-5ca90e8a1593,False
3f881a10-be8c-4d62-9028-b9a5f9762014,False
fda43faf-6919-4bf9-80ec-22536cf10db1,True
1359a74b-c852-4152-801e-7dcb7e1daee7,False
c80b1031-f9c4-4032-a156-9da4f00d8d5f,True
f06f9405-cf4a-4c92-b01a-24c892c0f3e8,False
64f40a42-4f50-4736-8628-dc272154f9c6,False
62ba6bfc-6f9d-4251-8737-88ad2cbb79ea,False
d962eb27-c1b6-4aec-a09e-2db76b59d945,True
e4c4bfea-62c9-4dd4-bee8-dbacb2c18e77,True
0ff45aed-01ae-42d6-b249-2e6d2be701ba,False
814da22b-3492-47e8-8507-ec5d90d9a72e,True
7d99c5d6-0b8b-4457-ac8c-4b3569a05856,False
7fbbbfde-bafd-46bc-92b7-134e4060b831,False
3aa47e01-c211-40eb-ac1f-3837e7250c5f,False
35e8d693-6e98-4688-83e1-dcdb6572a8f0,False
27db21d8-dc90-40f6-98e9-6d1ce7c3faf5,True
0aa2d46d-b664-4d20-b1a7-7ef45aabde65,True
30c984d9-301f-483a-a61e-df589110de5b,True
ef4a48bc-5f3d-4195-87a0-e8876e8d2424,False
bc378daf-8cb9-454d-8963-fe737f178dd5,False
fad75c2e-6610-45e5-aadb-e04908a38c0a,False
a1257a75-a73a-4737-8fc5-ff9537767c44,False
13a176d1-013f-491e-9fbf-f16ce5884d39,False
aeee231c-96a3-45b9-b564-c97d7df5a3b6,False
d5776b9d-3cc8-401a-8d98-f0b4f09a1ab9,False
f59ea1ab-f567-4387-8882-f21e3edc3c10,False
763d5ea0-1c3d-4c0c-b81a-7833af7a13c6,False
fddd9d8d-49ac-4c68-97f9-4283fff895b2,True
3b7ececd-1811-47c7-b38c-1312619e3f55,True
4a385a6e-68e9-44c2-847c-74bac326b661,False
2d75e6f8-395a-4da8-b8f3-552b538cf9a5,True
3a8eeace-366a-4a0c-a33a-e0c2c94ecfe2,False
2a27f57a-3a5c-4c66-9c5c-2314fb327670,True
63166f95-2329-4222-b55d-a63dc9046553,False
073a1e07-ef5d-41f9-bf37-9998e5f68761,False
1b3f7896-9aec-4392-a7d5-9ea3ad89df53,True
f76a85d2-1f58-46c4-8ba8-6db750cddcd2,False
b00b6542-b2e9-452e-957f-6d92e4c34da5,True
bab97b90-b3b2-489e-80dd-8fc2e862909f,True
e6b0305a-513d-4673-ae6e-042a6836b16b,True
5b275a96-9b12-43ff-bb22-7725a3c0aeb6,False
5a505879-553b-4f7c-b8f9-7dcb61c70d5b,False
73fdeb9b-7b0c-44ed-8c22-f62a8c57f59e,False
7949d242-22da-4b4f-830b-0ffe18617161,False
59b695a5-4a1e-49de-9907-f4a00f9a1e00,True
1816c350-0e78-4b49-865e-72b6cc334f54,True
1854a628-3dd4-44d8-b41f-9592860de3e0,True
9640a259-27b5-4199-8a82-4918fcfaa96f,True
82c91d81-9ce0-4156-9b0c-57f610238474,False
eeb3061a-927d-4b74-a2b2-c6442223e543,True
27382e67-ae2d-43c6-848f-5a6c6fcf101d,True
640ebc19-326e-4327-8953-67f514d3160c,True
f52aa1a0-4934-446d-a686-e3d1baa3d0f8,True
015ab609-7993-483b-b588-cbc264b7389c,True
1aac9782-3031-4dda-af3d-8b6a75d3044a,True
70bec29d-21f5-4e7a-bc4b-9e48c33bf6ff,True
d20ab8a1-9e64-418c-bb3c-ca884195fb99,True
6d036f36-f66d-4bd0-8d5f-1eb25f60ca36,False
e0f6dc70-b2cd-459c-895d-c130fffd9b8f,True
87bdc2f5-b585-4f1c-b803-0212e6d253f3,False
66621d10-8955-4456-8f27-1f4a3ca24475,False
da03ff49-99a9-4372-aa16-17d7c3205513,False
bd41d4fe-7116-4d89-a600-a32866a06af2,False
85ee0282-6e27-4dc4-be39-375ab5b057ae,False
108a3f20-e784-4a1e-ac95-137996c9a8c5,True
b6a4ccd9-3217-427a-a97d-831a5ad18aca,False
5a188765-2af9-4fe1-b5ae-55a949826003,False
ebe314bb-5ee8-4f90-be5e-3a1d1a8e78e3,False
8b4fc29e-5eb5-499a-a309-2c859b440083,False
71e89bbb-578a-465d-bd28-824d0bc1e631,False
2fd18094-cfe6-47da-b55f-d379c2ae4962,False
0579dc1f-d9a9-4ed4-8a1f-512eb07c6059,False
026facf3-c488-4d6c-9fee-7d5f7ae2d9b3,False
8a181580-4e42-4f39-a522-abc8cf30a017,False
8ebfd43e-8080-4413-9a56-cd4f521b4085,False
015a8fce-688a-463a-b53f-a1d578a53b5c,False
cd37b3e9-ec64-48b4-9b18-1ba098d6034f,True
c1d6c9ad-33bf-4a28-aa46-9c081bdf6b7c,False
c7f2fb3d-5bfb-4814-8453-486b7df6424d,True
25f1db91-a159-4843-b3f2-398a47ffdfeb,True
e8ad1e86-3c4e-4894-af03-8dee3e548c42,True
de45cd53-f114-411c-a2dc-4ed5dd4a3540,False
49fd1ffc-8b90-4de6-ba96-166bdf258795,False
839a2433-1c08-4346-87ab-3921a9746da6,True
8fbe4292-9740-4b57-8c43-f3496b357137,True
d1985cda-ec92-4f66-b73d-35b2214d24cd,False
bcd426b5-148c-45fd-b66d-3abcf4041021,True
7310c73c-a499-4c89-9f21-516e226e4cdf,False
54eaf48b-8735-449e-8a37-b0818cf467a6,True
0053e23a-69af-4d70-badd-52732fe913ae,True
181f4c7d-8645-4727-bac5-008d9f61df5f,True
d636053b-eb14-43b3-9f4f-399b9d39da4c,False
023c36df-1c49-4567-9d24-27d5aabc3b0f,False
370a97f3-7e83-45b1-8c9b-2794c767ea66,True
f01a2eb6-f225-4369-9476-dbdb9ab6cb40,True
fcf27ba5-e16a-431c-9d2b-14673e60626f,False
2344d9fe-442a-4057-97a7-77e468e5c196,False
fea60278-0ea6-4b03-9e4c-c2b7cedc19dc,True
13d1b172-31c5-4e51-b358-927d34359c1b,False
a10bb22a-48a7-4f17-9093-e175f3c01616,False
83b656b8-35f7-43d5-8cc3-074d2573c8a8,True
c005421c-b0be-484e-8d7d-ab23ff255aa7,False
fdc3bfa3-8419-4d3c-893f-917478853a12,True
28006899-274d-4b85-a504-135b8746c7c8,False
78089196-e816-48c2-81d6-bf5d7ceb8891,False
230e2858-5db4-4aaa-901d-21fa4d2e5b2f,False
60ac0452-fcc0-4be9-a523-57c5c87dba18,True
c3c7d9de-ed3c-41ea-b9c8-b01cf9a6d8fb,True
bdd9285e-6533-437b-929c-ff4f2d38dacd,False
2c133bd8-56c9-4281-a871-746eb38ef772,False
5df64267-d486-49ac-8b82-d8c547eb01ba,False
f679550e-9927-46d5-b7bc-ba22338ab910,True
1346257c-b86f-49f0-a769-0b78800ef224,True
e72b3252-e326-4a1b-97a8-10ea3e85897a,False
28b0e1d9-4704-4a37-ac62-2f23146db4b6,True
0dbe2231-904b-4ba5-b81d-a7dca20fdc65,True
d8d57fd2-010e-4105-8cd5-1c3b4b250fca,True
ee6f5763-3e52-46c8-848d-5ff6dbc54386,True
282373a7-47de-4121-b37a-af59a3767c47,True
585955f3-0031-4b1d-8709-2c9ba4f885d0,False
188ec232-0483-4e02-8f32-22417d0cd591,True
8faf822b-1e62-413d-bbeb-89a881e47846,False
d3a89d3e-0b19-4e28-948f-a27f2084fd70,True
b9b80d3d-1797-4b42-9372-763fbc758fd9,True
ee30c07c-962c-4a74-8433-3f80ebb6bfa0,False
82afbad7-5acf-46b7-8571-5a3f6adeb83a,False
b729116d-4c37-4e97-95a0-9cfa76ceea67,True
7fc384d8-88ab-4002-8557-99647965f9ce,True
eccc1f31-4416-4b85-b166-99e5e6d6c19a,False
6565e6e0-fbb5-42eb-8d41-fbe4c7e644a1,False
6d78625c-44df-4d1e-bb3f-5d46d30c7a9f,False
bbc4648f-2eb1-41d8-84a9-9db32ad79c32,False
2cc77473-fc98-4215-abed-27821eaec290,False
20b795b2-d1b6-4996-95f9-82ad0fa72039,True
28d975c5-3af7-4b9b-8df0-e87e8493d9de,True
501bd37a-073b-41cb-a27d-343f892a4866,True
0f12f8f3-b302-476c-8168-fc39921f7250,True
95936f12-47a6-4ef4-aa66-dfbf2f25a708,False
e71c287b-4635-4511-a0d5-7d2775ccac1c,False
8a622ddc-6454-4514-bfb2-7ec4e63edd5a,True
a8ff4863-9306-40da-bfe8-3da932273daa,True
72cb3ab7-8363-4a10-b532-c1f4db360b80,True
e1961d98-0e19-445c-ae66-a0db9734983b,False
fdad98a6-b245-4520-9024-430ae1a2c8b9,False
170df8c6-1276-4046-a13d-87955b9bfd69,False
42d68912-3c78-4061-a859-be9aa1a80f1b,True
75fc6921-230b-4453-ad7b-8e5fdc4c99f7,False
77bb3f08-e910-462c-9b5a-b85b564c56d1,True
60a4a82e-6b09-4954-8dc2-7f8d6f4bc574,False
f6a851bc-b2f1-41b5-95dd-63975441a9b9,True
497b11dc-f1c7-45cf-b052-59636309eaad,True
eeba699c-31b0-4ea6-bb19-7ac8b94136d8,False
fc02eb9d-b672-44fa-a3f7-17c997a8c158,False
247e5fd1-829b-40ed-80fb-daf9be1bf25f,False
4973715b-a3ff-4d45-af8d-9ae423a6c9b7,False
2a7eca54-f6b4-4e10-ab7e-0e2b3a038fac,True
eebda514-7824-4751-86c9-25acd053031b,True
6703fc1e-9a82-445f-b63e-7e38042af10a,True
a6a68034-5e33-4456-9ec1-66bb64d1ceae,False
59851a9d-ad85-4322-923e-0a1dae8f7369,False
af82550b-49d8-4160-b56a-20ace3f22701,False
e54d2c1c-b02f-47e0-99f6-ce4b38464be6,False
f71ac581-6487-4493-9c0d-139f25bb4d6a,True
5e18e4fe-1c6d-4d54-a416-a595d047d11d,True
be8ede08-8576-4a96-98a6-3af69e561339,False
74519640-1e3d-482f-ab59-8cfffa4a9c8c,False
e2660446-c80e-4aaa-9e1b-2cd3e7d21141,True
b71f3128-663c-4dcd-93de-3660e291df0a,True
f07ec43a-8300-4448-bc84-ce35470f553f,True
25adbe66-38a3-4a98-aca9-907fd4e2f202,True
c72d00a4-87c5-4fdd-8496-11a987a52f71,False
bf16fbcd-e796-4f87-adaf-12bde745f9f9,False
9fca623e-427e-4be3-a7f2-471e46730c49,True
aa7f54a2-ccf3-466e-b91b-8517110765e0,False
9951bfc6-c084-49a7-97a8-331b353e4eed,True
1dd4b143-537f-41e8-a355-b6bb81be8074,False
a09c4b30-c159-4377-a413-ec65c0b3e5ca,True
9af3a527-da01-468f-ab1f-ab90eae3f407,False
993c1dbb-e7e4-482c-aa5b-ecdbdfec4328,True
59dda03c-003c-4448-b04b-51fdd59b2461,False
612e185c-7736-44b7-a7c9-40c105658b9a,True
63e5a278-4d6c-47cd-8fe7-d3a0f18f5f70,True
1f11b436-376f-4ab9-b8a3-c36d19669629,False
626ea015-cf9b-42bc-b883-1c7b93597bba,True
af426de2-d917-4cad-a0f3-2a35b82838ca,True
a2ccaf81-44f2-494e-96db-1903b6fe0ed8,False
8b355e09-09cc-4258-8aed-fac2ce68c62c,False
93e9bb23-de09-40bf-a32f-52a9428ee365,False
cb7898ec-f69e-41a9-8c0c-9906f3df8aaf,True
e4f340e2-ecd0-4bde-bf1e-77806a29b2c6,False
f0ecc7d0-251f-4e35-af6b-3ab693408020,False
f956a849-b2c0-482f-81b1-579e91e0a418,False
c25c0c03-3304-47b9-9a74-67d89ba658a7,False
56d7edf7-5212-4e5a-a3ce-ffdcba6c4fde,False
d9ab5e7f-3d9a-420f-9493-cc80ae074c1d,True
91284775-e933-428b-a0a6-30abf74c0b59,False
8c9b0559-b83e-42a4-ae8e-0cb67007cdd6,False
715a1fd7-1be4-4a93-9cfa-aff5a93e19ef,True
7c086508-1693-445a-9d29-b45c8bd3fc5d,True
dd94b0c7-1c04-40f4-9257-fbba11fb98eb,True
938bb008-9379-47be-b0dc-ac6a333792fe,False
85510a9d-1a3c-4929-8615-9cf5c592df6e,True
b885ffad-92c1-4049-87b1-2a057c469fde,True
17f09b80-ed43-49e3-8469-d9f8c894def8,True
6017b5cf-b11e-49b1-80be-0bb97b4608cf,False
74ca88a5-6c0a-485e-996d-12f8b019078f,True
647bfba4-9c14-4087-b0e4-7c560851b093,False
cf311525-1390-416b-b1f0-4a5556d4471b,False
1c573f3f-cef5-477a-9602-fc5a2c73eb63,True
f235204b-2b5a-40a4-bdf9-1dbecfa482c4,True
2e00d0cf-718f-4f30-9649-35fbca6c114e,True
ffc63623-75ea-4da4-b64c-caea9ed3d7d7,True
bd37da7c-c281-4eba-be8b-ba55b116961b,False
9667cee8-4ae9-4bba-9b42-946d22c5db1d,True
6cec1d0b-97d1-434c-8a00-f06117f9de3a,False
8e512bb0-190c-4ad3-b673-5771b3910a2f,True
a5165095-ef0c-457b-a66f-7a199bd84bac,True
fa4a1648-5486-4a27-bc30-3a96b238be18,True
7c0956e7-b931-4a1d-80a2-176c7aec93d9,True
decbbc8c-add6-4bc7-b782-3f7d7626b87f,True
6d59fc45-0100-4b70-8ffa-e58eafc4e306,False
f4d44b93-14e8-4829-ad1d-077aa2b44cd9,False
8498f3fa-e71d-42a2-aa0c-924c9f64a511,False
42e825f4-fcd2-4143-b730-39f08fc47ae1,False
a868598f-3011-418d-9709-735bfe945b98,False
2a987471-9c1d-49cb-8330-d85bef63f58f,True
d1c00d4b-8d67-49e4-80a8-ae4bd7fd403d,False
7bd4dd98-d224-4e4f-bd66-88aa8d21fa50,False
dca737d1-6b8b-40de-b52e-e9c74e64db54,True
52552abc-728f-436c-bfed-5a93fd6cfdb0,True
92e65da8-02b4-4118-b850-18d6936173ad,True
03863b8e-07fd-4ee8-88f0-54ff10e1d004,True
76a63e4a-d249-4ebf-abe3-ea107f0d23d7,False
b6868186-8f6e-4d69-8b4f-d351072b6eee,True
b8acb8f2-a098-4e9d-9789-1751b36e91ba,False
1f63d7bd-a842-449b-b365-384659f85a41,False
019b5a65-71a2-4135-834d-73dee4238e70,False
da3898b3-66d9-4109-ba9a-4d3001689791,True
4b3728c9-e171-44dc-8f69-1504455fdce9,True
47a587f8-4271-4444-a15a-e416b70ba16b,False
1b6e769d-2dab-4b53-9160-b3815506e376,False
9c618fa6-0da9-4c06-b9ae-6e22fe728ceb,False
6e510849-2203-4e3b-aa76-8a49b2b4c24b,False
2c1f0b05-58b3-4b14-ace1-8804f38bb301,False
ff2c10b9-b997-486d-9860-a205e495bb41,False
3ec25a7f-7a3f-4963-8432-6f0633deccd9,False
da31f934-cdb5-4647-ae8f-a592f373ce85,False
8d1916bf-fa9d-45de-9275-df9d1b4e809b,False
0bcadca3-bb44-47e5-b2c1-24556381af15,False
2e3b9034-9c6f-4ad7-8dd3-3144d2523641,True
44481db5-44f9-496d-9532-30622fa17f6d,True
32659e04-4ef9-48ee-a4dc-887d2100cc7b,True
3ca42642-a4eb-4b52-841c-b967e16b75d7,False
5241aa3b-b9f9-47e0-b0a7-fc575c06e6cf,False
0fd724e6-d2eb-4c78-b4a1-551bc314ef9b,True
3bcf0f9c-1cb8-4d59-af98-4c4e995bc6e1,False
bef45ab9-375d-4156-adea-fe9241ab603b,True
ce13b61e-9513-48a9-a219-ccdf29454332,True
f549ead1-8fe3-49d1-b0d1-0c461ce1fa5c,False
2fb6b16c-a3b1-4c6c-b0ad-913004e2de15,False
bbddd092-1ae3-4a0e-8c89-d132f928d13c,False
bccb3431-697c-4318-8500-f6dc3695d98d,False
c1d90071-8d82-448b-afd1-8bcd55d8729a,False
201872a9-50ec-4e9f-922e-f252d0632ac0,True
e9b526d3-9e42-4fa4-acf6-e669bdb474b0,False
0a46fed5-a17c-4852-87dd-da690964783a,True
99e2f69d-4685-4623-b01d-0c3a29936cf6,False
77a27811-768d-43ed-9d1e-b413359607aa,False
b01841f5-a253-4d99-a59a-7fc4658057c8,True
7c65886a-fa1c-4a7a-8a41-2c2a7357fba2,False
bfa0e296-9dbf-41ed-9f34-1eb654a7a949,True
b059e49c-0afe-41a0-a823-06abffdf8072,False
157faf7e-1c48-4205-a07a-3dad4752853e,True
73678082-bf10-4921-9692-0ab2b6813941,True
d6540249-3c37-4789-a0ac-6ac6f5dbfda6,True
04eef524-568b-41bc-9217-d11c0138ede6,False
96e639d8-7dbf-4750-b4c2-6fda4dba4075,False
fd4d8086-a389-4a58-a01f-b46c1074b00d,False
004763bb-ac1f-4c4b-8b1f-5823c7f7bb6e,False
2831b5b3-068f-435f-90ba-f49167da5dc1,False
bbedcf89-96f6-410b-be1c-ae86c192a21e,False
a789e95f-da0f-4061-a878-a3dc06644738,True
6e850d21-10f0-4831-95e0-c9f91ab6ee73,False
c93e6bc9-9a83-4a0f-8292-fb0dee2a90fa,True
739c6fcf-2c65-4fbc-b685-7a27a140907d,False
f7621854-1503-4624-a6a5-195f3016f49a,False
7f54576a-49bb-4046-a9f5-76afa0c2acdc,True
53cd1bdb-c65b-4038-a47c-bdd9b09d0da0,True
b1fd20ca-373f-4981-98cf-6b7db2875dd7,False
83ac8f32-29ad-47ce-a1db-6d2f11c4aef9,True
51ff4041-139c-4bf9-835b-803e8ec5ef32,False
1f0af556-6f14-43a2-992b-fcfa141a4cac,False
5d2cb35a-e30d-48fd-9b40-048d642cb62c,True
8df795c1-a812-4df5-bdc6-10e2e318a591,False
37dda763-271c-476d-ad49-21eab933669a,False
3d57a6e4-7785-4147-bdfe-e0f6a9207c02,False
1f0e9e12-add0-4c02-bd99-103ac2f2f915,True
47bf81e3-3c9a-4d22-882f-5a1f037fed5a,False
06f18372-1807-4101-9156-791dd67f60f7,False
8a0acc2f-2686-48da-853f-b76c61b30eb0,False
ecca03e7-9fb2-482c-b9cb-d0ae8929021b,False
e37c43ca-7a84-44c0-b173-fd620d5d4c0c,False
899a7457-bcfe-4016-9abb-be036c3fd7c5,False
c5bfa4bd-cf8a-41e0-9d90-893301a1f85f,False
c5ab508b-ccad-4a58-8ddb-790d422bc8b4,False
4a2805e1-5756-4d46-b881-d499ad0788d4,False
8bac2f63-ac7e-41e4-b7c4-2c2bb73f5884,True
9e07682a-63c9-41cc-bbe6-8206ffe7b950,True
aa6708f1-cdf1-4eef-be1b-d9e50ba8413a,False
b720e929-f67a-4e12-88f9-25fa15ba51ad,False
79b448a5-1a39-4866-96ea-72791687a1d5,True
0aab185a-beaf-4d54-91b4-9031c0ab6f63,False
9b062e90-a348-4f69-bb3b-c95c612e0525,False
ea69fcb4-102f-4329-a5d9-21485708a431,False
02446110-d858-474b-b561-f89180392412,True
5bbc9b7c-c4bc-4dd2-894b-cc9ac3300b77,False
a6696c9e-0612-49f9-87af-1c295d703c75,False
f6d94a9c-f12a-4948-9bb9-ca248c8da8a8,False
6bd51bd6-16ad-434b-bfd9-7ce885a4a4f2,False
93f10972-1be9-4341-b048-82574d4ce922,True
e7ebe3e1-1187-4edb-a7a5-e668f90d367c,False
f32a5fb3-2cb2-4738-b97e-c9bb4a621c98,False
4d0d3acf-3e92-484f-a446-b841294f0127,False
e22b7872-2711-4bdf-b8f3-f31f0088c9dd,True
d49281d8-bba9-4b08-9282-15e35a61a846,False
23b34cd7-3460-4f64-8811-9c1818f9e876,False
5baa97d7-8335-4380-a4f5-9bd68a2cf83e,False
f541597f-3693-4ade-bbac-3bd8371cedd7,False
a4614562-c015-4b69-825e-133634afd330,False
b769a523-f358-41e0-b84a-9065f349a089,False
c36f518f-e406-485a-bd11-24e26f621bf6,True
773fb65d-3d4c-4b5d-b04d-d3cc60658c43,True
6c1ca283-5772-40c1-8a3f-9f414821a828,False
d2697b6a-42c4-4c94-b369-606b3a2f0c43,True
7774ab44-01e4-4f56-9df1-6525989b702b,False
6d2a8adc-bcd1-477b-95e7-f49f61c995a1,True
be0ebdf9-e3ec-47c6-b255-f31d3087e98e,True
2feccc2b-441d-4d75-b115-7f38df4b62bf,False
bd09312a-a4c2-49bd-86c7-192bab820cc0,True
9499607f-28fe-4431-8cc9-9312d0e2a81d,True
0fe6d3a7-e0d4-4b63-a5ba-08b5e17b6ab3,False
ab6fc51f-ef01-42b8-99d2-32687c47eb8d,True
dad36f72-74db-47d8-91ad-bfda3262115b,True
a14113b2-1ca6-443a-a705-107e3e2f2ba1,True
7f277ed0-a91f-4cf6-8e40-88f00441e194,True
1c78c3ee-49f4-42ee-8c27-f7b21383444d,False
6682585a-8c80-49cc-92ee-ae2773706d7a,False
b4859f65-076e-4ea2-a93e-ef9775788786,True
5a13f841-4a8c-4e34-a32f-f4599718a694,False
642987da-70b5-449d-86cb-8963244e1919,True
caed41a8-fca5-48df-9265-3d9c3e0c85c2,True
fcfed45e-3a9b-4d24-a8e1-4478ebe03c81,False
d34a59e2-0658-4391-86c7-cecb35bb7164,False
92042e10-3b94-43fd-a978-fb9ddb266530,True
590d8821-df76-4f1d-a2a9-ca9868deee28,False
fad6cbb0-65f4-45ab-bf18-c67c47010f96,False
4d8d91fe-a288-41b3-bdbd-b2ed6764e294,False
c528faff-8e48-4ee3-a8df-f3a48c78b233,True
f1f546d0-e7a0-4e72-986f-270f101ef5c4,True
96580667-5c45-431e-be0c-807af1528541,False
da92ee57-846e-42ac-926f-2cabe930e450,True
99f98821-e794-4246-8735-dc107c923287,False
cc3c4693-a3d1-4242-9cb3-91b78abaf1e0,True
a83b6158-fb1c-487b-96d7-3449ca3c0001,False
fadc99f8-09ee-4945-bf45-6005fe298318,False
af36eeed-090e-4fc8-89ba-8e44c6d776b6,False
590e72c6-9a43-4e16-91d6-77d9d8c5b181,False
6758db79-d236-4765-a539-42492fe863c5,True
00459da9-d103-4d21-ab16-9efed83c1d68,True
db60ce80-4e04-4761-bb3e-d5f4a98054a5,False
8c91a49d-b184-401e-92d3-dcca02c961bc,False
aa8a7334-126f-4808-82e0-7badb2eb7d45,True
e8aea880-a999-4f1d-ac04-7ca0e79c0e6e,False
8d99b6dc-212d-48eb-b005-df36f454a3d3,True
75fd62d6-9f71-480d-8b21-6ceb9761bbb0,True
06f98274-f257-45a9-9daa-7d5393b553fd,True
39422955-4939-4889-9ee8-96d0ad9e3753,False
8dc05c14-c4e0-49f0-820a-9538f2345852,False
cab35150-c4f4-4b63-b507-25a725ac7e61,True
195005bc-27af-4e09-b3ab-24b370d38a7a,True
9ca89e56-f2b5-4596-a794-e03352434ebf,False
466735b0-bc36-4413-a49c-72a34eda9637,False
0615a6f5-cb9a-43c9-bf7c-85bda37fd1b3,False
493d8779-0861-4bd3-a84c-95bdcb15725e,True
a8de58d0-b931-4356-b946-ec7c3725b6f5,False
10f44e9c-2ec6-45d6-ba2e-9e8967271595,True
deb005d5-2c0b-4e7a-931f-f46b62128d12,True
6f73c1c5-6777-4cfe-b528-cb137b86d3af,True
ccb0a2d7-7b84-4c42-bac4-b3a072341b26,True
2bb5fb9c-7dac-493c-a28c-db2e10580999,False
4cb79bb6-543b-45d2-9fd4-0c4d42c9d19a,True
34740772-f06c-4bf0-9727-c56314b125b3,False
67e4323a-f82d-425c-a297-e3043c483632,True
b0bc2754-1925-4e6d-94e7-eb9bf96260d2,False
de1a0afb-7e6b-4101-9118-733d53d4e167,False
df132873-6178-4c37-82ee-665ab7d07b4e,False
2cb77dbb-a660-402b-8b28-d5d11be25c3d,False
a35692ba-3716-410d-a28c-880a1972d2aa,False
48f24587-4bf5-44de-a5e4-379c2174712b,True
c344ccc9-0f1c-4a80-9e83-a29b4c6ff17d,False
27c855a8-060e-4411-9af5-6eaa740063f1,True
6f9e9626-a520-463f-9606-3c8f8c1c42ab,True
5ae0e173-1566-4a75-8b6e-e05df7de2a14,False
f6bd21cd-d522-420e-9cd8-7c26b1ee3b67,True
8e0b61b3-8451-4d71-a8e3-c4db77757537,False
b9a78561-3dd0-40ec-838f-06db45ddbdb4,False
057f108a-036e-4198-b508-0052839be320,False
69e6fb86-6945-4005-a0ff-b66122f4dcd4,False
c7e691dd-c5f6-4669-93e1-5b07165afaaf,True
bd4c93cc-b620-472d-8e6c-bd9aa2612a5d,False
c031ecc1-2a3b-4756-a9a4-1ed9ec667a03,False
4fc75486-b83b-491b-8465-6922aada7619,False
e313cab1-b022-47c6-aa60-c84e166dced5,True
a33b1e51-27c7-4868-ba05-956fad0a9de5,True
4c533148-b543-48ad-a9b4-8f01d66c95f8,True
4026566e-4233-4268-80e7-20aa414fa30a,True
e64a059a-f30a-4c08-a07c-0a82e67c6b6e,True
675f7e82-cbb2-4217-ba34-e5104775c26a,True
14aab841-614c-4fcf-969d-853163e11179,False
8346bfb8-acdc-4f75-bd23-4ce5b938cff9,False
00466c3b-8f9e-4b6e-afba-8c48a2133ad2,False
66651c1a-b94c-463e-9b51-ecacdf7b0d0c,False
257a4f00-41c1-412b-ad83-d0e3cb36fef0,True
9b0a41a9-836b-4ae3-96f1-e6d4d2f463bb,True
c47a9402-22b5-4572-b2ae-7c85cf83ae7f,False
39ee63c7-c103-4a81-b028-5255bad7cc1a,False
11a5fbe5-c650-47ba-afbc-0187dffa8cb8,False
1c92242e-7c60-492d-9036-5c3dafb7a84b,False
a0fc8d86-c610-400b-b626-ee51a6aec9ee,True
52355e23-f274-4192-a430-d6457e15df66,True
7bf79e41-468e-4af7-af85-1e038a6ac19b,True
fc33d018-b96f-4e3d-ade9-c32408b6fa82,False
c21fa7f2-6f8f-4b10-895f-0ab4362b4646,True
d3099194-61e3-45d7-b736-879ee71d7658,False
50846cf0-330b-4af3-ae76-39f3a7263001,False
9bf6e50e-5a7b-4234-bf89-8c8b168f40da,True
f8d69a43-5d4d-4dcb-a329-98f3170ac012,True
c04ef47d-c879-467c-a6cd-8630886d32e5,True
495b37cb-988a-4c02-94ca-b42377762059,True
bd11cfc0-0269-4aa9-a487-fad0e83040b3,True
d86621e3-ceeb-4718-a3ed-ff6ba6f08918,True
fcdf481d-fede-4e96-9311-b96ccbf6a062,True
853d65da-3a29-4db4-9b83-81936a25cd2b,False
d1101c31-865c-4c7a-bac7-f29eae7898d1,True
8d5b84f0-31aa-4d69-a419-f782529c05d9,False
0360ebd6-42ff-47a1-bffe-ef87adad6896,True
e82eb776-7d00-4ce7-bba2-6ff948b931d7,False
0adc1c7b-3728-4c52-a1e2-355774c7efd1,True
e6b33be7-6941-433e-9397-be91459af5a2,False
aa14e5e4-eb8a-477f-9a88-7d4d5c92b78c,False
d81cf830-1dda-490e-99d1-d98572eabe0d,True
e4334322-6c3f-4eea-8fca-32ba787d4ee0,False
60c6f576-1485-4777-ad7a-f4456ab24baa,False
2642fa9b-8bc1-4d60-ae94-f21489379115,False
768f0ff2-a97f-40d7-82ad-4fe363b5eee0,False
f278afd9-fbf3-4218-88d5-3522fc1c3f7a,False
257f718a-f286-4993-bf5f-d970e676b381,True
f1c18b39-86e6-4060-b95e-a6b5d72e3d8a,False
2c69cd22-c548-4e82-b872-2bf61d4f3602,True
be930c6e-fd7c-43b4-ba4b-183fa0d19059,True
1a7bfafe-30d0-48e6-9f02-10ff646436bd,False
1415b6ea-7ed0-4bb9-a714-0d29ae22d93e,False
8077fd86-cb4b-4f1e-be11-51a1dc194d53,False
719348ac-5711-4e4d-88cd-5a6fe93c5ce0,True
1477c085-90c2-49b2-b2eb-fce7358dad85,False
e887f7de-d266-4e8d-937a-fb0c53aca1f6,True
b4b1b3d2-f521-4ffa-bf16-0a142d7e0336,False
8b19fc17-d8d2-4b81-aba9-0b8d875b5248,True
c9a5fd1e-08d2-452b-b26c-f9da0fa339d3,True
e81b0baf-a9c9-47d9-91f5-b4a2eac361f9,False
b30508f6-e5b6-4a3b-a2ee-8ccc8b32fecf,False
eb722118-ab54-4fc9-aabd-4125810ca702,False
2def09c6-4b9c-424b-9dbd-dcf5d1caf280,True
b3ebf940-0ce9-496e-ad57-499ea3eadc82,True
bffeb24f-a5e5-467d-b153-ba963012eedf,True
42e958d2-0bbe-4d8a-b343-2818271d0a7a,False
52a801fc-08ca-41df-a1f9-05e130741d79,False
b153ce3c-f0c8-48ad-a0ff-56f5c284adf5,False
dbb216a7-bfd0-4fb1-83dd-ebafe849218b,False
810c48e3-e55c-463c-a9a2-43b7668fa138,False
45cd6bc8-9849-434e-8068-551b47f77fbd,True
054156ac-faf8-4036-9f1f-b36f2e1e4cee,True
1d48c81c-0d19-466d-9a3f-49e1b68d6f00,True
e20e70e8-2044-4c4a-b8f5-872e21a18110,False
3fe3c019-cafc-4b08-8bd6-d53f8026fce0,False
60f20401-354e-40d6-94cb-5fa645635532,False
dcabdfcf-6880-406d-8c0c-4f28c1cb0368,True
9f1bdf30-38b6-4fd8-bade-4b2d2ef4ac70,False
cf1b1c27-3226-4e5f-bb5b-417ed52d6272,True
84463181-2a9a-4362-b679-a776a5dda38c,True
7e849440-5a20-499b-bae5-40083ac2018f,False
a015d66b-ea53-4a47-8f8f-857c734ca7ce,False
172e13ed-8c1d-4549-b615-a6b82b36e329,False
13240f27-922c-4715-859a-2c0e3b318f42,True
302b8395-aa57-4c86-af06-c3ec56cfc7b4,True
79ab01aa-008c-461b-951e-11e098199a4e,True
005e7ffd-8c80-4b42-bbf1-25adedbe84b3,False
7d2dd3f5-05c5-4520-a7da-80a1e61e2c50,False
b9fa6349-d4c2-4a30-baf7-3622195ecf2e,True
74517f19-0e70-4731-bf01-b4fe27f9b2db,False
d8e48e51-2a98-4356-9767-7f2c46cdc02c,False
a87c38b1-596b-4f84-aeab-b3694ed613ac,True
c28cbf7f-a352-4aee-9aac-1dc3c589541d,False
d327d300-754d-480c-ab8e-47f1b1268efd,True
3de23670-dcd1-4a93-be9e-d0fd98bbc9c8,True
cdaee6a3-4bb9-4bcd-9135-257bff7c6d83,False
1a0e9b48-6026-4a21-9a3a-e0215f3e74ab,True
84ed1a08-fc5e-4999-84f8-3b4eccbb5bff,True
2d9d2fdd-6600-4936-af72-f6fa0f5fb1a2,True
37b5e17a-417d-4959-90d6-71a67f012db3,False
33edb514-7a31-4f7f-8c4f-75aa69b42e45,True
5212cd56-6445-4082-b175-98779d6f684e,False
577bbe14-40b3-4765-9f99-ebca6a59a3c0,False
7af13edc-1a63-439e-aa13-280733ee5a55,False
a6c6f463-5400-465f-b4d5-6ee85c73873d,True
7ae91990-7ffe-4136-bb3b-d2d9eeedc0a4,False
9f58832a-629b-4e9c-a839-07b743f28649,False
5686df30-f86f-45dd-85cf-25f9e518789e,True
1be19123-a2b9-41c6-84e8-d8a5fc81d441,True
c97eae39-1722-4d31-9a4f-404853c79f2a,False
b32e4f6c-fa8c-480c-b611-161279d7498a,True
dada2c73-b054-431d-9f18-610862434b11,True
8e5ae769-4bb1-4c11-b61b-ef184d30a448,False
4f1e0c2a-2cdb-4816-822d-a6841ec9f620,True
a2c7e9e1-96b2-4ce8-8dd1-ba31a049b2e1,True
7e69609d-642b-4e51-986f-963d3c1df31b,False
d52dc93e-5b57-48e0-be5c-c1c3126375f8,True
caeaee7f-01af-4d17-b45f-6cc856063475,True
5f247a91-09e5-4828-ba63-90b0dd871f7b,True
b0700f50-24e8-4893-be8d-7a168c4d999b,True
04dc1c64-7227-4ea7-ba67-ff65bf85d2fb,True
4bc2c71e-57d2-4921-a969-1cc0c9009dde,True
8b13140f-e6d1-431e-84f6-97b2f1c0edc4,True
680afc53-355b-4eb2-8c2f-21cb2fb7e566,False
b15e3820-cf30-4813-95c5-8141ce87e898,False
75faf47b-f82a-47b5-a140-be2d7c9e5c13,False
3885b7a8-d5e0-492f-a168-9f6c58274ebd,True
dc12d5db-b866-4ef6-8f1a-63dcd00525c2,True
557bf370-6367-409d-9c4b-1584facbdfab,False
ef83f74f-1cb3-4f79-a36b-01d4fdd58b05,False
06a59b27-5b07-4b50-a405-7a1e48ffdb7a,True
fe2081e0-61ab-4a9b-bddb-7d7b13299b81,False
3f64dead-3621-4180-88c7-a108435a465d,True
2586e5b9-112b-40aa-aceb-ab26b923d046,False
bf623fe6-820f-4c48-8e24-7bed4b1d90dc,False
9b16d1e3-9772-4b8c-af0a-6ab68e0474af,False
ebf7a04d-cb44-4785-a5a5-c88a483a0c73,True
5262fb15-057a-4301-acf1-8a536f2970e7,True
fbf20d94-7785-46ae-9c12-0c3c8ac1ccf6,False
2f9f9420-642e-4650-a42b-971fd43394a9,True
1a43d34a-58b6-4e3d-a9d7-6a6602c5bfed,False
0e5b83fc-d2da-4c7b-8ff3-bf9b6f562581,True
7bcaf6d5-1c82-4362-b8fa-181f9d79f9fd,True
14f371d0-7e91-41f0-9481-0326babf5dea,False
8407d582-d43f-4be5-af57-9455f50b8227,True
60585542-9166-4362-af27-49aa2add493c,False
5675489d-2de3-43d8-8e34-8420c2abcf16,False
244e8f72-ab3e-414e-856f-32d0c938e0f5,True
d16ccae3-4ccb-4ff0-b043-bb585ed5d7b5,True
a361d3d0-0d0f-4f67-a122-6851ffde7d17,False
781f3740-3839-41d6-9ce9-105e6425abaa,False
aeef3ccd-3204-4544-8e88-9880dbdd6eb1,False
42642189-5a23-4ba3-b3fe-ddbd5c28b1fd,True
d1a79a2d-e0bf-4d92-969b-97a4d9aa1a6a,False
a8d9dd28-8228-47e2-979f-e0aa337ff490,False
51799769-7874-4128-9e8c-b64e8ae16597,True
2a2a1935-a721-4f30-b6ee-9e51a5af8fe9,True
bd2ad478-39cb-49e6-a036-fa7d9fa404c4,False
e61dd242-4ba1-4a09-96b7-40595808dec3,True
89a81c35-5903-4305-9153-0ad851c84429,True
8e681e57-b5ca-4c75-9dd0-d08576e02c8d,False
fa7825f0-e38b-4a8a-8f07-05a541dd226a,False
e98add85-954e-4c7d-a914-9920d9b70b3d,False
71c29928-8d7a-4148-829e-ea20acabc354,False
0e40d5ea-3a29-426e-aafc-8fb7cf432fd8,False
8e0334f0-1d6f-423d-9728-834ab1c82d7b,False
ab03019f-8687-4352-a1e8-61ce61dc99b6,True
16771d42-5feb-4315-9196-daf5d187cecb,True
3d84072f-bf25-46ea-b7f0-0699189c08a1,False
b3508300-8c88-49e1-a205-aa69cec495d2,False
dd6c8076-2e11-46ae-a661-04decdabb4f2,True
e20bc8bd-bf08-4005-9d06-de6c698ab1c8,True
0cfe0f45-59b8-47af-acd5-6bb0b42c4550,False
2c67bec6-72ac-41db-b75a-d5b99a4e2d96,True
6dddcbdc-8e07-4491-89de-160c955f9c2d,True
e3d093bc-3555-4cda-b13b-bc117059b5da,True
48924fe0-0d16-4d57-8f8f-9fa96ea06925,True
7cbe6457-7fed-456b-81c6-4ea5acec2b68,False
9daec199-b9ef-4826-a3e1-8894a92ca060,False
039e9288-42fa-415e-bce3-ba85159bf200,True
c5d3e1f8-bee1-4488-98fd-4fcab14afb6c,False
210888d7-7fe6-43fe-aff5-4af773aefc66,False
d064d952-62eb-4b4d-b73d-0875e9778535,False
7f92a4ac-6ecc-4cc4-8513-faeb3a4406a6,True
ba332a43-ab8d-4afb-9d26-17ffddc363a2,False
e0b4f50f-7d6d-4d7e-97a2-d13c0b949dcb,False
53564456-ad44-4083-a306-aa4563999620,False
bdece628-a885-46f3-95f0-d03d3b9fd32c,False
611766a9-f983-4702-83e2-0e166e7903a3,False
fc28943b-96fb-4db0-8214-eb3bc8d88b91,True
b7f65358-cff2-4577-83a1-6900f7ec73a5,False
997cbccd-92a1-4091-b93a-c1c361f8f96f,False
e7d1e6f9-40b6-4cf5-9bbb-70ad14c0ddc5,False
35f2f07a-dd35-46d2-9f73-830df7186e3b,True
c18f7338-9274-4fbc-83b9-df86330290dc,True
99140e32-d0da-48ae-9a48-731a41b28a2a,True
5811c9ae-55f6-4061-bc4d-6b7435d508d8,False
acd67c62-ca16-4681-9b20-d56aad2dd6b5,False
7d464c5e-244c-4b53-85e5-651f853f532c,False
afdb57bc-4303-41a2-8ae3-087bb731ee3c,False
ff8f68b1-dab7-4a60-8313-8e9d905200ff,False
ce493017-c54a-4db2-86d2-7d65786867d1,True
e7a6f235-2058-4c68-97d9-04d433c64148,True
300b3251-9dad-418f-ac9b-9a6360de2622,True
6019e839-4fd1-4fc0-8c2b-d62a7eae4655,False
1d40ee2b-414a-4ac6-bd37-853a5058d401,False
036e33ea-69e6-4741-8123-b285bbe1fdf7,False
62d6c899-c65c-48e7-8e78-df00e3c5f1aa,False
20c79451-9f02-4abb-97bd-1e856e8b3ed2,True
a8a23a92-8f9a-4ddb-b31e-c1219e8f57cf,True
4e030148-a918-42ce-bd93-81d100436f7c,False
ff5b91c4-8fda-4a9e-afa4-c48bd7732eb1,False
5def6db6-1576-4495-b617-122054a3da6d,False
d6aba75a-de2f-4a55-b2ff-b1dd39f481ad,True
bd74ef31-a59f-482e-9067-1dc21828fe9a,True
87b33f76-6db8-403f-af1f-4d334a9f47b5,True
27c9de6e-e7e8-4d37-823d-29e197d97481,True
33f46119-aef5-4fdb-b2c2-a770afe4394d,True
f369b2ff-50b5-4614-b6fb-dbc90897850c,True
377e800c-41b3-41d6-883d-830bb3d0f37d,True
eee0eb2e-743c-4fc6-aba3-de7c7aef17dd,True
aa64af6b-e72e-4385-9145-de477aed09d7,True
52265bab-4d12-4b1f-8a1c-9a1ec5b34ce3,True
c78502c7-8e8d-4481-9b29-1eff5eea14a2,True
ca8a31e0-84e1-4c4b-822a-3d073146536d,True
2da50a2a-7520-4956-8e4e-708c51499351,True
dcbb3e0b-8cc8-4d7b-9106-34650231c8a4,True
b3b42ed6-a0e9-49e9-b1f8-7b594de92921,True
7245393f-c2d4-46ad-a063-10c37555c706,True
6958b22e-203b-4881-8fde-c4dbda463b14,False
02a1d62e-cc04-496e-b59d-a90c8c79e014,True
51efb5f3-71ac-4ad7-a813-6296c8837358,True
2744acb3-7689-4e91-9716-d82cea779417,False
c8e120fe-86d8-4d89-a6e0-8210c80ce004,False
b08c7fb5-100e-4582-91ac-e759f85e425e,True
c6b279dc-1e39-4d34-9531-8ef32050b845,False
0d4439e8-3c49-4584-84b4-c3845faf014e,True
c4b6dc52-3a3d-4dfd-bf9b-05364fff8c85,True
7f21d4ae-2d5e-4951-b581-3bc03bc0ff24,False
94cae5c6-a685-489d-ab3f-b03eebe5b4be,True
ef727463-69d7-467b-ac1b-cbb8233b9637,True
8adc9777-bb5c-45f8-a5c7-e675264032b5,True
6f7bca33-6dee-4465-9ae8-3d6765d3f101,False
220918fc-2e8f-40ff-a4a2-3492d98b58c4,False
fc2946ac-bc49-4853-a97e-f90dc56c7d95,True
2374c93c-d236-4a27-991d-d97acc9a689e,True
82134a96-c178-4f5b-b489-9dd457106e40,True
8eeed89c-21b1-461e-ab17-0068d1a15c68,True
af595a30-0525-4935-b043-d0fd2df1440c,True
5e8eca2d-6eda-471f-965d-1e200435c00e,False
f83e4b74-d581-44e2-983e-8883c1556ae0,False
9fbcd51b-3547-41a7-8cca-1c4222663aea,True
6ca16be4-d74e-46c8-a041-259cde8408be,True
3f3f164b-dca6-4c93-ab28-c511453f6c10,True
867c234c-defb-4b7d-93f4-586b8362fc69,False
4fe3c21c-1254-4158-b8b1-b16fa4e5fe1f,True
c4fd0257-9166-4d24-9847-634a0cef53ad,True
7a23ee68-bf40-40eb-8efb-ff7a715e95d2,False
3cd0405a-3db1-4cc5-a004-ca4c4dba5de0,False
de5fe9d2-b241-4a35-a31f-8af35e30872f,False
dc2023f0-6539-483d-a667-7e5b9c53afb6,True
89b37128-92b2-4acf-a99c-a977ce511d7f,True
1ad6541f-d5f1-4379-b7e3-38f1c7929c46,True
aea76f02-9024-4379-9185-7873af3413c5,True
68a6ae74-fcfd-4577-8f9d-8b6a325bd907,False
a60e7a99-9a9b-4d75-ac9a-132896f16432,False
fd456cf4-5ccc-4f9a-bca5-53837b612375,True
dfca361d-eacd-4459-9c00-080c0fe15ae3,False
e18b6b6e-1d3c-43ab-9682-9bbf0bfbcc1a,True
609e464e-ff5c-46e5-8104-6d50c3ef28d0,False
e786ef36-12eb-47ab-8a4a-dfa779bbdba7,False
9da94781-d59c-4e01-8ce9-10573d2e324a,True
f7f0d438-bd02-42a0-a03b-344c1606095f,False
f0766b6d-1f27-4f77-aa3f-40b592703d94,True
f93c916b-91ef-4e7a-989e-de6033594002,False
6bfbaa33-a0c7-43fb-8766-d63d8c8812cf,True
64302225-71d1-4e87-b261-c5b581832c9a,False
b4083fb4-b6c0-4e51-9c7a-76fd1a6b45c3,True
a12d7708-3c05-4156-a6ab-23780d684e82,True
0e0f8147-cc10-4e07-a51e-81eea92cf6fb,True
3c943c83-42ff-4462-b7dd-f7b358780d7a,False
7bfd18a6-654b-4a9b-a69c-40826bb7591e,True
155b155f-f47a-4590-b038-96b21408854f,False
1d28a9dd-b567-40d3-b4b5-af9a0f57077c,False
2204c1a3-ae6f-467e-9fe1-9b09b520c6a4,True
2a0d47ad-bdc0-4000-9302-73b2071dfc1b,False
ad9f5708-7959-4ae9-8ba1-4da6db06d8eb,True
82419f24-c70c-4538-be45-f8c600f93413,False
d28ab1e6-dbf7-4786-8c11-26f590ccf17d,False
d769d759-7201-4b8e-820b-b4884c51e6ba,True
4f050d9f-fa0a-4c92-be9a-8075a57e4a8c,True
c8dab019-84f6-40b8-9a29-6c239eb4a125,False
5038de7d-0b48-4eb3-be09-47db02bb2b20,True
cfec4a22-18e6-4a06-bf39-51b7cfbd4031,False
6f507392-3250-4516-a68c-46b605839f65,True
5ba81203-eab2-4aa0-aa8f-dbc8a823f6e2,False
041f95d4-2427-4790-aed7-5fc8161803be,True
ffaee35f-0f20-418b-8c31-8224628ed2a7,True
3792f83a-8445-4c4b-afcd-fa7d632ad49e,False
40bdd87b-f0ab-4eb1-b706-75bcd0e9bd64,True
98ed5eb9-6fda-4109-837a-0c776f0c4cf0,True
c140f936-e11a-424a-8e2e-139753ba8b04,False
36d813af-2a5c-45f6-abfa-854d4e0eee28,True
c5646c10-8d84-4203-82ca-477e644985a8,False
4bb644ed-c1c9-4d40-aa89-6778f20978c2,True
6b6f0a49-54d3-4956-a986-984627c90c1a,False
e0e0df2e-0452-49f9-80d8-f77390b72861,True
5e376b45-2c1b-4d0f-9427-1c60ce875d75,True
0344fc87-f915-4570-acb4-318ee052c20c,True
63fc7d0e-7a4e-4d34-89ac-1eee27ecfdf6,False
61530eb2-beb9-4d6c-be92-d7aa60d9a142,False
1775f473-58b5-48a5-b259-b7c640b3450c,False
97bbd8e7-eb1b-4f3d-b65f-426f851e8f71,True
a8df02db-dd09-407a-b126-33fe5fe0279b,False
6a1248e7-d5a1-4463-af1d-5d85309ad251,False
5f55f2ac-3a5b-4b17-8d3e-4e4d7889b760,False
66a02d44-7940-4fb3-806d-effde97c6a9a,True
389b3f2c-9f5f-4718-9b7c-7698c86df7eb,False
3da79e3d-1da7-4e1e-afd6-8081c4b84f85,False
5a17a089-a30c-498c-a506-7e8686e88579,True
5da7a23c-5c6c-4144-8c33-4b0e444c8acc,True
77809987-8123-43ad-af0c-87f1068e1727,False
9a60cee0-5150-4721-881c-246d57de896a,False
55d46aad-3b91-44ee-9a57-28c238e819d8,False
3be1abed-f2d4-4db4-8d3d-99f48e74852a,True
6e317122-a5ab-4dc5-a895-c629e30fbae1,False
f5acc5f7-3419-41b9-a6b9-93c0cd7f916d,True
327e3173-f5f9-4b3f-988b-4659bd6ad7b9,True
132db99e-c410-4b52-9f50-dc125b2569ef,True
2939937b-fb91-4d46-98e5-0428cfeaaf06,False
17f93985-6e5f-493b-b9a0-595eb2047046,True
f4e934d1-38fe-44bf-8983-9c2fbd69cfbb,True
8aa91ab9-a019-4729-8a2d-af81d1dcd07f,True
0f872d6d-556e-4a87-aa9e-6455fcba1920,False
f554d2be-4384-48e7-bc82-22afec3c4693,True
eee3145e-948c-4fde-bbe0-305fcbc072f5,False
ab3640af-3f67-445b-a06e-1480b15f5544,False
2eaecfec-f81d-48ab-8d78-ad093ae8d1b2,True
a3ea5425-083a-477b-9e54-e52e93e94ecb,True
3d5a9516-f2a7-444d-be49-21672cfdd0dd,False
ef160377-1dd8-4a46-bc95-86a39b4c74f6,True
a98a215d-5eb3-45d6-99f8-f3c9a2223e5a,False
d584b027-aac9-4a54-b5ab-ee3acb8fd89a,False
9d45676b-6598-4029-b94d-9005ab796f70,False
5fe3d7a5-7369-4518-a898-7fa5add02f9d,False
fef0f8bd-c3a0-4c74-9c79-abe2ac5426bb,True
fdae4870-d421-4199-b89f-17e525f14182,False
4bc3e542-bb72-4c02-80d1-b931980b721e,False
500a4b32-a786-4041-ab23-1921fda32b69,False
680cf79a-e532-4c3c-8daf-b2052fab58d2,False
942632e6-ed70-42a1-9979-e2f8d0401094,True
6a7fd8aa-e38d-495e-a81c-b4803c8002f1,False
65c19c37-d7ea-4646-9a63-5c5375e857e2,False
4d468ded-ffb9-4556-8a85-173ad7908d81,False
6a219e6d-a7c4-4d02-aa81-848a370dc211,False
21bf5ecd-a4ad-4250-9534-a82689566e7a,True
274a32c4-80a6-4754-b8c4-06c5de39b49f,True
ffefca8d-6777-4494-ae6a-5a5cf7a50368,False
5a690432-1914-4fcd-8cd4-b3cfcf150e81,True
b2f1e179-2d03-4eb0-991c-1e1d2791cafc,False
5e481619-929a-4979-b543-cf287e6feac7,False
19588bf9-9be7-4dcd-8e7c-ebae96e58898,True
f4a47441-534c-4199-97a6-9b17149e4726,False
1f4ea7bf-efa5-48a0-955a-15038534708e,False
398c554d-56fe-4f47-816c-742f0624089c,True
c1562aee-3a7e-435d-a257-41fefff0222c,False
0d6c9b90-e5d2-40a8-b0f0-5bdf387d0dc9,False
d749f610-c710-44ab-83fe-46894ba5089f,True
896d6acc-6c31-4684-a4ae-cf47af669352,False
58fa7e15-1eed-4a83-b7f3-536819caffbb,True
a20918fc-c2cb-4421-87d1-e3619cf3c0a6,True
5b286af3-bd35-46e3-8063-d8fb41a82d1b,True
f9bb4af1-fbbc-4558-aa01-916e97fc7083,True
5009af6f-73ee-42ac-8dcc-946a68013d4f,True
af427aff-2e83-41b1-9d96-1fbf48eca487,False
43546925-cad6-41c8-aa0d-7ae00ce129ce,True
7da48349-392a-458d-992a-8e21a4cd4cf7,False
703b20c4-25c1-425c-86bf-161e80ee80b2,True
b7b821b6-16d6-4b8a-b964-6d518f9b0291,False
c3d44589-94eb-4d51-b156-6c31e6979695,True
14a000de-5e59-496f-a218-9dbc1d7e93c7,False
ceba88d1-baf4-4e80-8901-fcceecd7edc1,False
434ace44-25ff-4e03-8142-6ed2ed9fc679,True
7131e80f-92bd-44a7-aa86-777e1c0ccf3e,True
52ad2c0f-e525-4ff2-ac38-7f0ac854eac3,False
1431edbc-71af-4902-85ec-c2aa4a9116bd,False
2bd1aa8f-54bf-4390-96c8-9ae77ccc229e,False
fb17fca8-9596-49da-b22b-a531624fef6c,True
da2c4f09-2abc-4c3c-9d51-cdc4ff0d7a71,False
3f88f2c1-64a8-49da-8d9d-7ade01d855e1,True
a8203bfc-0a33-4502-b2d9-c3ea3f345426,False
b7beeff8-350c-4fd9-8ade-636c3cca7feb,True
6b46f0ff-a367-4623-a758-9ea93faa4859,True
530dc621-388a-4f3f-9505-d3fa4415b4f6,False
84f768a6-90da-490b-87cc-f295931fc489,False
5b79cb49-f70a-4c67-bd5d-5fbca9dadcbc,True
0fe8f044-3a1c-4ed8-8fb7-3c8efb1e00a4,True
6ffb111f-cf68-4188-9582-d94ea0c50f35,True
2aa17e02-9f31-480c-8f9b-7b9318a3a331,True
68339d0c-89c5-4288-acb6-c62c3f0c96ce,False
6f3b5efb-0c3a-4667-97b4-4742de997990,False
ecf76a51-4fde-4e53-95b8-4379d939e113,True
aea4021e-5ab0-456d-b6a0-72bf20f79473,True
67edb65f-eead-4daa-a538-9b2f44205195,True
74465c18-6e0e-4d42-8258-8e3fe6636fab,True
dd3ec46d-1a86-46d6-8e51-fc20846ad2e8,True
d6af34d6-da40-483d-8d35-83351e23f0a0,False
be95583b-6062-4ec4-8593-662b629abfb8,False
a4b8a8d9-6191-467e-a0c6-6cc16a98a6ae,False
45bfcb12-cee5-4b3c-9677-977c77369962,False
be99972e-7d83-413c-9526-41504b87c1f8,True
d8ccf7d7-f559-4841-a240-028c7ba307a3,False
8415a796-8f56-418a-b12e-8387d1d37772,True
539b2ca0-e44c-473c-81df-b91e9ca535f6,True
744d60c6-8bdc-49b6-909f-98fa98dec2de,True
50fdeebf-c77a-485d-baa2-c07bf0f658dd,True
5f2d6d22-f94a-40a2-9564-c19935c7ee4a,False
0efe90cf-6408-402b-8c29-012440a9d7da,False
769996ea-44db-4d4c-a526-503f80152af0,False
d4121f06-210f-4bbe-b272-566e75adec55,True
7835d65f-113f-4e04-8cf1-ad5115083d58,True
6e6bd1dc-1c57-4136-8cf2-fda40f7d8765,False
65540787-f05a-4376-8d2a-229c1b67e167,True
e9442b1c-35f7-49c8-a759-7ab6c264fcb5,True
27d4c0e2-961d-4ec3-aa28-21dee6482d2b,False
4a8f59ce-a6a0-464b-bbe9-436b382ab2ae,True
eef6a2e7-22ec-4e3b-bd34-4fbd03eeb0fc,False
15540bcb-edad-43a0-aee9-56537abc2ccc,False
6cc602c9-ef4c-4741-8e36-dcd36323bbc3,True
161d64eb-148b-434c-a9f0-98149a5fc1ad,False
f981c96a-fa23-4e3e-8124-a6175d68dda0,True
50d6843e-a5a1-4428-af8d-39de0da41141,False
807c9037-1d56-4b71-88c5-d9bc8589119e,False
80eb0716-094a-4fe0-a6c5-1e8fdf783acd,False
1f0b64ed-dce7-4492-b59c-24a00814a45d,False
75a8e6e8-d1b1-4d1f-87b4-119300feea6a,False
455178f5-da78-46f8-87ae-7be708839666,True
d3754606-7542-4fca-adf3-4168235dd83f,False
920386c3-5587-465a-acbd-5b9c2f02bd10,True
e49ffdec-ae0e-42d7-bc39-bb7e2455930c,False
2cdd580f-28d6-472e-a121-f7f2ea70b57b,True
067faf5a-0867-40e3-80cb-85319f6534e4,False
67a19713-9535-4a0a-a0e9-b785e4f8e181,True
bccf36a2-3b79-4936-bd45-b7538e8f2a9d,True
e064eefc-fcfb-4ef1-94a9-65e848074502,True
5c0cf2f4-915f-491d-aac5-4e25bbbc36fa,True
dee9da5c-6bd2-4831-8919-e7bed981b9b9,False
c76cb545-ddb4-4e4e-8f66-309cc160b759,False
c48e6fb6-c0c4-4bdf-8935-f3ee49d4c3c2,True
816f6bea-ff8e-4d61-805c-e07be4c20d33,True
cfc4054a-65fe-4e3e-a45f-f102324ca8e2,True
e5d2c0a2-f403-4eaf-a02a-e431b4f48367,True
a275a7b5-46ba-4290-9e30-486c28b3ddb9,False
72789df9-34b8-4dca-9b5b-2221008fafd4,False
88b0161a-af60-4b1f-bc04-d77e942d5862,False
c3593bcb-2c5f-4bde-a098-ca6b439749ee,False
4d9e6a24-c2b8-4e26-a8f7-727b4ba9e9ff,True
ef730fdd-a0e8-403c-80a3-640e782e69aa,True
6812b1de-5b1a-49af-9475-b2004983676e,True
2734fb70-d983-447a-b53a-febe4c643ee8,True
dcbf9be8-91a6-40cd-a71f-4ddfd81a560a,True
ff2d8e56-060d-4c43-8b95-ca952dfd004c,True
3bcf7bb1-3dac-4f0b-980c-43426214edd3,False
de05e993-7e16-409c-af5a-2b76eebc5f23,False
f147db1f-7b40-42e5-a6ef-7fbd5f34985a,False
f67d388a-1ced-4d3d-9bd0-35b40aa48c12,False
