FintAccountNumber,Balance,AccountType,LinkedCustomerID
GB52PFSB61406132081452,690969.25,Business,26eb4cf9-8b1e-4ef1-a022-b9bc25fcf6be
GB10FFVI52982970528240,623650.65,Business,01185dea-e3aa-48e9-9963-e10a07fcde6a
GB56YQNP33030304410698,926476.65,Business,0dc2167e-0940-4d85-b4d2-c73a3f5bca01
GB03JNIT03945827082940,655761.39,Checking,cd6190c6-cd67-4aad-a262-fe915717993f
GB43ZDQE24220746312989,54175.67,Checking,ee324e15-3503-48d6-855f-d000099372bd
GB06MJEX06207867202660,714465.67,Business,c7e14988-d92a-45c5-8583-9b8566ef4c4e
GB82ECPO00373832112147,532457.81,Checking,bc14116a-66d3-406c-8d49-6ecc75c8d19a
GB46MFKN39796502352041,529887.66,Checking,9e0fa9b1-ea78-436b-bed0-1a54923bd878
GB80VQMH90800399064902,730289.64,Checking,642496c5-a0a4-4cd6-945e-4d2f47263222
GB50WHCZ67006436975489,514028.16,Checking,8183bcb5-ff2b-488f-8f30-989192d1f58c
GB46DBJC08519067872082,454239.57,Business,35fe31fc-b442-46de-8be7-921602afa1f9
GB71FQKT75853849928622,47094.67,Savings,32eb2ac9-4cd9-4400-a41b-857aa9f3d0da
GB23HHLU97778327200222,180368.7,Checking,ef669aa6-b400-4e3d-8123-27d9b0c36a73
GB95SXFN91454855611505,714305.1,Savings,5ecc1aec-5967-4886-9aeb-a47218cc8b9d
GB11FEKV47477283914346,44534.5,Checking,847fc1d3-c527-4f33-a0fb-1179bb593656
GB08EFAD55909503686865,569595.19,Savings,d87ed993-3392-4911-a983-9bb1cc6b5117
GB64UEZZ13091222831499,938711.82,Business,03e2c025-7bea-4ba6-81c2-0203999f83de
GB48BAQM10312797350265,984354.35,Savings,4a193d68-7db3-47b8-98b8-71f02d76ae49
GB16LIYE16651038807880,13530.95,Checking,dd0e753d-164c-48c1-a539-ec3dcdb59408
GB79LLEL63193179787566,337855.29,Business,5b913de2-cdd8-4b4e-8e97-ba3f1011de82
GB26LZQL68678834610582,160677.4,Business,fae9a238-1bcc-4b84-991c-ce913bbcda7a
GB88URFF24205931803112,579482.09,Business,e273fc33-8690-4d4d-b441-bb2789d1d3d9
GB56ANVB02266419525701,231572.04,Savings,7ddf9dbd-be7e-4898-9571-f55538bca497
GB45DFTV07836203879870,522667.2,Savings,404d541a-1e9f-47c5-81e8-8e58c7977df7
GB26IDNL28720586242107,47760.61,Checking,5e349124-3beb-481f-bb0e-e99ce089bcef
GB39QKHS92636528800512,673673.02,Business,9962d04f-9dc2-43b1-bd99-8af72b77e8dc
GB19LRDP64827847976658,167185.26,Checking,80d826c9-02aa-451c-8380-6e0b387d5457
GB87PKPJ18629635959346,173411.3,Checking,96da567b-6269-4e30-a7bb-9b44805cabf0
GB22LILS51842429817068,769922.42,Savings,ff0f839a-9aee-47af-89ec-d141a59ddc2b
GB63BQKU53994663031143,349351.03,Savings,b3f37b90-ee61-4444-a4ae-b7875885917d
GB07HNQX59839995780660,244379.84,Checking,df3bc423-5b66-48ad-abd2-bf6d6a2c077f
GB18WOQB47479824226086,410051.79,Savings,2fa77f57-e3dd-4893-8607-5003042fb99e
GB18MBIN61851864177612,642234.54,Business,28a62447-1174-48a8-b8dd-26282e00939b
GB35WFFR69781805475326,13280.46,Business,102be71e-221e-4340-8012-c631df597ca6
GB20UYYW55602123916945,909108.29,Checking,48c7c967-a914-4e31-b992-e9d57d0be69d
GB34ZXMX27980199506583,510611.81,Business,780869ab-c0cc-4418-ac61-e6394987af8e
GB44DJNX00310895074248,30850.52,Savings,06ee0b70-4891-4b41-a681-ad4261742750
GB03QCGN23193423903474,506088.47,Business,136b75db-c8d6-40c6-95a7-4ebb6723c024
GB02PQNA25861484611753,772283.77,Savings,d207726d-e6c5-42e5-b4f6-88d310e6a902
GB98JBNN26757652445353,264390.72,Business,a33ac1b4-2f8b-4d97-933e-6566ab66cd38
GB62TYZV53980027612086,309587.69,Checking,4e39a651-ec8e-4da1-b64a-2a1752dc258d
GB84FXMW92700958277924,301499.4,Checking,2799d88f-2540-478e-bf5b-d2331e9fae91
GB72WWZL59840319809664,758720.98,Savings,ef98ae0d-96b3-4eb1-832e-148bb17e0fb5
GB72QRNI82863847533847,604273.8,Savings,0b32b693-213b-469c-9a4c-8724ae836fa3
GB30LNCO30068835964506,248776.9,Savings,b49bd5a3-ddce-4fe0-8606-6d4ce93b954f
GB08ROMT27521704121164,561547.85,Checking,fd553f2e-c70b-4ea6-9149-65e84180050b
GB15MASD07286075196337,794651.63,Checking,2ae66a58-fa56-4902-a9c9-0d2d627dcd1e
GB21IZFH87992229805838,506778.83,Business,990629e1-5c9a-439d-b4aa-1963b7e00428
GB58YLJI36650402541983,215535.41,Checking,92dbe1c5-70cb-48f9-a015-e7f32822605f
GB20JNTS30068376209659,859788.1,Business,90e18bb6-79c0-4a9f-9a00-bc5aaa48ad9a
GB14KGJB13978496738392,554946.71,Checking,377fbad4-37a0-4b07-81d2-7caf167ed6e8
GB21QNXU52406939383907,270302.92,Savings,6e4c6ddf-fbd1-4c7e-887e-d2181d1430b6
GB89JXKX63726894712236,335926.53,Savings,5c969d02-5d60-41cb-9bbb-da63a517c196
GB64YCWI40160547053604,641258.22,Checking,18814d4c-61e2-41d4-ae80-3a43c100a934
GB17SZLS02779259361432,332493.4,Checking,0ade64d0-e784-4c26-8efd-36270e9d08a6
GB71XNPY69640750036279,14572.73,Savings,4e07e5b5-dfc2-4a0b-9964-3206cf4b908a
GB90AWPF55808337593466,147774.12,Checking,f068b7e5-de87-4bd5-8e4a-1a45191d50c9
GB55IDEJ49154195827295,749975.08,Savings,3927474d-ee44-49a1-a6b0-9943170c2789
GB95JPAH12362017200110,396812.94,Savings,b789667e-9318-403a-aae1-d0e07c24dce0
GB36UTLZ67410185256874,821235.62,Savings,0b68690f-9a2f-441b-b993-35b44df19b69
GB55AWBL42777259247510,175271.47,Checking,f1e89359-6e35-4b47-a952-cfefe214dd67
GB54QGHT45553590333108,882023.41,Checking,4b1d87b9-ebc7-4faa-8748-0ca2b2e79e39
GB11TSZP52811427547160,529362.19,Business,f94ed853-a664-4efa-8b76-a8cbf9e3d497
GB82PCGM02220603578126,227739.42,Checking,06eb4057-c189-4ee0-9d20-3d375487704f
GB23YZBJ71140902702592,636948.09,Business,6bb876eb-937c-4bce-96a8-d202bf6b8b94
GB65MFYQ82851920794952,288101.02,Checking,53d1cf8d-6097-4ce3-92a6-395123ba7bee
GB09AUOE30101394572794,712816.6,Business,4b40d754-6bf8-400e-93b0-8a69318c2de6
GB77OFDE87253165006869,843288.21,Checking,11c9a297-73f0-44a1-942f-c9c01def3c5d
GB05INFB18443895887597,366134.54,Checking,6b0f7e9c-9278-422a-89c9-a95f1715ed43
GB05XQJZ37602662670571,991699.12,Savings,d2117410-2718-4b4d-b172-bc6fe6ef839f
GB89SUAI13461378044959,660549.77,Checking,7969fb73-2112-4395-8bed-82586922f5fe
GB02GTSR31866645455086,227392.28,Business,799ebb1d-2dca-4ccc-bb29-67f26f572124
GB98RKLF37802632515435,148500.1,Checking,29afc82a-8293-4e20-b309-a846f1e3faac
GB89VRTP57277825186086,471459.55,Checking,a5037a0b-2187-489b-8156-db11e0d4069b
GB90SUWO79655528379289,483596.26,Savings,98bfab3e-497e-42fc-b35d-80734c7ffdb2
GB91TFMQ26372586246447,322769.75,Business,c996579d-03e8-4fd0-8371-16822d99785a
GB64APZK86237835873473,35292.43,Checking,f1bdda11-aad8-424e-90b6-62ff73707130
GB33OCTY29092969560186,639362.54,Business,a6827c4f-e807-49fa-b639-ea3f4917f590
GB78ZSAD39735893682787,859660.44,Savings,ac50f7ef-5b2c-483c-8735-c5f033fb8480
GB17EQHN06935360717929,504607.43,Savings,98c2fd0e-0a59-4b9f-b7c5-5a7b344ac322
GB04BAAF53019449311622,647038.57,Checking,74c1ea17-7590-4115-949d-38fd6778e8e9
GB27APUS28424184701225,370120.09,Checking,66297ab2-ddc4-4d87-b88b-4fc718e09556
GB78UBDZ07844484173979,968047.51,Savings,dc766fb6-4cad-4b2d-ad8f-6763fa1e3ace
GB54PLRX24513020954208,774837.92,Savings,741832ad-7c16-4502-a220-3fc8b82adea5
GB24ZSGB07315983145692,158198.27,Checking,08303893-01ac-4803-8672-33039e05536b
GB56FUEA50228203013146,193556.17,Business,9e842df2-0061-4b10-8e04-6f5ba8ba77bd
GB39IYPK99709285156323,850534.03,Savings,47f78e93-8001-459f-b5b1-948bc515943e
GB73YTTA31334034951481,89288.24,Business,6c90dcf2-9469-49e4-8468-3162bacc646f
GB85TFXX42402437145273,691445.13,Savings,f66aa6dc-8b8f-4a4f-a780-40c7f802918c
GB33QISX65759370605733,62419.85,Checking,299530ac-b7c5-436b-a0f9-444b9d978b3b
GB15MXCO86821221069677,425308.34,Savings,eee5e2c7-aca4-4a46-a497-063e56280fac
GB52NYMB53182319051624,434191.85,Business,a7423945-82b2-4c87-8f1a-6eff4393dce5
GB60HZMJ92542874070536,99276.93,Business,63d4c6b4-c70e-4499-be85-2ff86a9c8183
GB91NDMR26598403466203,321793.27,Business,afe43bb7-8011-4ee2-8bf7-5f05071a63b2
GB12IBBU07942581913889,541226.21,Checking,e244df42-96e2-4117-8a7b-a51921e91e37
GB38UIQI27665888340427,638714.2,Checking,7614dbf1-f4e6-4ceb-8483-278b6a609025
GB42TNZJ49140085805961,231814.2,Savings,c6b9cd03-65ac-4434-95c8-ebbaec21d6c7
GB14DKES27878934526876,20265.95,Checking,869e52eb-ed00-412e-8868-9d1f178b3d05
GB63ZSWI56389355699593,995702.53,Business,96ae304c-6aad-4142-98df-00aec7d4b96c
GB96XAZY40491393471270,179924.65,Checking,f0c0d7eb-02be-4b95-a819-66fc76d5472c
GB79ROEM74709590934254,516690.76,Checking,89510f0b-6672-4d30-8da3-5232d5456103
GB14EXBF17651321590769,928950.19,Checking,fb675f43-a77e-415e-8688-adc736d8e677
GB04QEUX72761820745239,569025.21,Business,2e00aefb-0064-4821-940e-56ece98a17f3
GB09TRTC98191341528320,244245.66,Checking,5f772b52-e80f-4ec9-83eb-79dd18595d74
GB69KVUD19414246397349,673021.6,Savings,f27318f4-e034-4660-8ba1-9eedf5320b3c
GB61NCDR47193883706352,405013.21,Savings,42936f64-54ff-4f71-bc45-94a19311f6c4
GB03BFMV76829371455485,875995.74,Savings,e6f9dfd4-76a1-45a3-8a67-6720145a07c4
GB91IUXI71769992746142,884116.86,Checking,1f5148b3-7027-4644-8d20-be7abfb619de
GB81SDPO96823406573197,243765.94,Savings,951d6beb-4074-4b4d-9f74-7f3ca1b3ec97
GB16HVQP15260736034156,118038.52,Savings,02e1d362-badb-4bd7-a763-9163b947e94a
GB80HEWU23840167096344,2397.93,Checking,d1a692b2-6308-4374-ab83-da3293a97cdb
GB44WZDP59177774903275,503701.86,Business,b8d0f9a8-35eb-4f41-974c-f513abf417ab
GB59ICXE93250306788547,718184.1,Savings,7a76e7d8-65ab-4757-8e37-82e4a11738f2
GB48KTOR55823946456340,865476.8,Savings,a5fb047a-4e30-47c9-a9d0-650a679dcb44
GB22LSQV10285879568758,439606.36,Business,ccaffd94-c1a2-4a56-844c-18f751a5afb5
GB04PVMU94399753297788,902918.4,Checking,b0f43bcd-878c-44ab-ada2-75d747af671a
GB33PJTR34731748523870,519025.14,Checking,28e8fa47-4d78-43eb-b6aa-f2e68fbfd93a
GB47PJRB50446243690966,927819.33,Savings,02ef635c-d6ec-4db3-b13f-3d3d80abeb69
GB98LZLO55355941702473,296559.7,Savings,bb159209-e1de-4b9b-a258-8ed0fe40c1fc
GB06TOES52729646338820,783129.74,Savings,47ac4ba5-e263-4048-be61-48355858a250
GB15LPRB72700022797723,518591.2,Checking,22ae6968-12c8-4cfd-b918-2d5b08e27f36
GB91MUML78328249643241,910475.1,Checking,a34ef4da-212a-4881-bef0-13097a928101
GB65ZCRZ50766325803336,204019.34,Business,c28f3f3c-bb40-4016-bfc3-7b70fb117553
GB70ASVG56705028075253,613129.33,Savings,f132baae-c864-41ab-a569-282788341a8d
GB84XYKQ25794121820315,139.53,Business,26e4f497-497d-41c1-bcd6-56567738a43c
GB53VOLB33024107425395,771650.69,Savings,eec9a9b6-99ea-48bd-a735-b5c193c44610
GB23ZCBM93064629281709,590096.25,Business,5e0c565d-e786-46d8-9912-3d4c01684862
GB05WCTR78977174614780,833654.95,Savings,a8e9e28c-c620-484a-b46b-d7e036b70daf
GB81DDMU95448526157211,120456.18,Savings,f23bdcdd-1f28-4b9a-981c-0b1be03642b8
GB93ZMRI47363426572438,649474.39,Savings,571b1c10-1ec3-4307-b6a1-c173569aa75d
GB78BEWA57952599120670,775961.21,Checking,8c67c181-e809-4b89-ae52-ae17fe489845
GB40JJGO90912931474392,823517.21,Checking,4b34083c-ab7e-4e4e-bbf3-61a0e92afd9d
GB80NMKM24209940210870,491170.39,Business,655d76d3-bf63-4971-83b0-575de637a229
GB27CIFT30279120090568,645932.91,Savings,f0c74d3d-4aa2-40fe-bda0-035e0af1aa1f
GB04UQCJ09763616798462,378704.54,Savings,b68235ab-1492-449e-af48-daf7247db82a
GB54SQMA34944014052822,568890.47,Checking,c8be5ea0-e953-499f-a944-efd656257f70
GB02IOXO19228396539151,248483.87,Business,0912b26b-41c5-4856-aa2e-20f5cbf629f2
GB44OLDW33363640881891,606196.3,Business,ea81d181-ced6-46c4-8708-f2233bee65c4
GB34BCIH51488296058318,915279.21,Checking,1630dfe8-d60c-4cce-8161-83ff597a8e88
GB49SDTN66849890017053,759826.33,Business,e7829bc6-a942-43aa-ad65-b715954e0f7c
GB22FWEW78552450096149,992988.85,Savings,383a1142-9901-4991-b39f-ef158691be98
GB11PAXE88709206639846,310742.65,Savings,ff208578-6607-4e9b-bed4-ca88ffb67afc
GB81YEIF52908535959736,228098.33,Savings,e2d697dc-976d-46f0-8353-666ecd0c9e92
GB03KAOV24184804671979,856064.35,Checking,d5179676-1b7a-4339-8140-4925cda78c0f
GB23EYEH49992802268195,40923.9,Checking,19ecd82c-cb39-48e6-888c-e2d63402cb42
GB28ABTM12496662274380,398996.93,Savings,bdcd11f4-f635-4673-8bac-353e8db5b0f7
GB41APRQ29929406278896,293934.17,Business,54be0cf3-b710-4a54-8dda-81943540cea4
GB31WQDV71256330201587,274257.79,Business,f2fae106-0856-49ed-8792-1eb4d8b3bbf7
GB27PYPK31840126200686,641927.19,Checking,6776340a-4435-4379-88fe-cf5019f2dec9
GB25JXKN07545628410245,289524.62,Checking,076a196c-3716-4d77-b134-85bc7eac9791
GB47ONFA45229132137274,469954.78,Business,4fdbdd6e-9097-4928-8955-dd597d1ac224
GB20YJPN33423341077781,214264.53,Business,26a570d6-6bc4-4dac-9d97-0e3f5c881b9c
GB65WROW55011032089190,313724.1,Savings,b44cd02e-43c6-449d-8567-a4aa3da4ba36
GB18VMSZ39933306012916,110473.28,Savings,213f0aa6-621a-467c-b45a-ba8ad0a5b2be
GB67IPQL98047419670533,464948.86,Savings,4cabc6da-8379-4221-a9ce-ca9d5df97135
GB53EUKU47611172598975,227061.75,Business,5fe1bc2c-b732-4552-8778-0acfc1845aca
GB74OKQE80105059998563,364212.17,Checking,590d49d4-d619-4224-a431-6b5cb2d627e9
GB76XHVX38889394069364,306792.12,Checking,802c4970-ba51-455b-ac1d-b089cc3edcf1
GB91CDPT06624634258348,455497.06,Checking,c87cd132-619c-48b3-b265-7c87ef1ae5f3
GB32JRSN84903104277139,974452.32,Business,c4404407-206d-4443-9a3b-dd935b7d993b
GB14CHAT14824166998288,330186.74,Business,2d6419c8-c87f-41de-b6ae-19a874445afa
GB21EBSX23144985616666,447944.39,Checking,06781491-c0ee-496c-935e-ab230b454fac
GB83JELF84125815097893,771947.28,Business,e1fb9524-f689-4e49-8ddb-8f8534520e8e
GB66PEUQ88625009677750,973640.78,Business,98079e6c-ec30-47b1-acef-9e2e1ac9c5d4
GB72OIVY04426691691929,887913.34,Business,4d12be58-346f-46d3-bb4a-cb8a86eee2ea
GB64HOJF64659781717600,124973.22,Business,22dea518-122d-4167-8c95-b48946f6f285
GB70KXNY64002093471921,668716.16,Checking,d514c956-e84d-4bcd-88ce-460423889d3e
GB23TKQA38481501382488,302924.26,Checking,d66c4153-98dd-4b1e-a9e4-4a0a84f28498
GB40HKME78327419114325,571546.62,Business,97ed6f7e-7142-4a90-8727-1b582dc54b39
GB43HUMV46231218307653,793543.57,Business,7e536cf0-ce2a-432f-a0a7-0c3a1808f65b
GB94OOLU86147578905811,425701.3,Business,3fb9001a-7e9f-4c95-956e-2e362ca7c9ff
GB80SDXF73707739884355,29808.77,Savings,be95d413-dd74-4168-ab96-7d14f198180e
GB19CYII07991235024916,884872.22,Business,1d1fa917-6c4c-41d6-819c-8bf58b7bd9ba
GB17HWTG77736315219162,15500.0,Checking,da305395-0b88-4e2e-89bf-11baa20eaea5
GB48SEVK17901026974167,819523.2,Savings,8ff0ec56-76e0-4b6b-8cff-90b1617f473d
GB64CBFO11750860455968,652964.62,Business,99c34175-f705-4c38-ab17-6da56d1c481e
GB27GBSN81244381354574,813823.16,Business,be8c7104-45fe-4541-8174-fea8aedf689a
GB09ZZSW43613695609097,641114.75,Business,9ec1e725-ea04-4e03-9ccf-ecf6e8fbe8b8
GB71AIFC31653222901355,308554.23,Business,cd38d2a1-3609-41f3-9a55-997912de26a0
GB68BKPU58876605007796,348064.51,Checking,39d41903-66af-4aa0-b3fe-42890ad1c707
GB78PMMR51178487605747,3572.33,Checking,d687eaa4-11e6-4255-af4a-9f87754a67d0
GB20ZZSZ50325189323578,228297.8,Savings,7dc5b46c-c035-4483-9915-93f2040a5f95
GB33TTUX42608360367010,912009.33,Business,911e2fa7-a79c-41eb-be82-b3af6b238042
GB39UCJD76368385561042,903132.87,Checking,958d6498-72a1-4dee-9bc3-dd3fe8c69b23
GB89TQMV24982923922921,647902.36,Savings,ba9e82d9-cd06-4caa-be28-7e3e4800e152
GB78TQJD71867551372390,88432.06,Checking,8b955173-e8bd-4568-8fa2-8619bcafea03
GB59TFQG98465105775390,704451.03,Business,8871266c-ca6b-4863-bd2c-32bb885c2b89
GB12MMNJ07721791894901,182806.45,Business,bc0fdc7f-9822-4728-b3ea-c15c30149dc2
GB09AYLQ25600626875316,403804.15,Checking,9cdebd97-bbcc-4b8d-8001-695fddf66865
GB94DPDQ85101147596407,425938.7,Checking,3b11c913-41e8-4e4d-8b68-56e3a75888ce
GB07TLIC85288408437815,454460.54,Checking,9bd827ea-d92c-45b0-b820-4a10ffff5032
GB95LGOY38070951682829,7953.17,Business,3f2319ce-200f-40a5-883d-a963bab9077a
GB40XTLQ82162477679584,65706.53,Checking,e99c8308-b431-49a4-b07e-23a9fa4a61cf
GB79JLOX72159058096588,231114.18,Business,9191c5ef-39b1-4104-a98f-e3091cab5889
GB25DYUS71410011741553,422053.49,Savings,62b0b847-5ed4-44f9-b481-4bd65edaff97
GB47SHYG28962279200808,960511.17,Checking,6c351581-3f53-4562-9f4d-586793bfb770
GB87BHQA16249223306000,905089.91,Checking,55abcd76-adf3-4d28-938e-ae7598fea604
GB95FQBG01706229826156,335512.4,Savings,b403e52e-f26f-4a77-9da9-31ad0bdd2ed0
GB32TNMY51988808064537,199109.95,Business,73e8da06-b9e1-4828-b468-f5e7e2c24f01
GB77AGKM40087199064557,224828.27,Savings,9c826d92-c6cc-40a5-af2e-2c047f750536
GB64YDPF87387072086062,324701.37,Business,e9acef6f-3c21-49ad-918b-0cbec6a6876b
GB36VEAP22749900506441,275171.05,Checking,46514a0c-9a91-4bec-975e-eea2876236e1
GB93HYFK86973604228151,804323.59,Savings,68932a09-cb00-458c-a204-52e4446ce652
GB65IUHS09318786366578,742155.74,Checking,d76a87c4-12cb-4248-a8a0-b8e18a6c42b7
GB20YPDV97994767403806,423128.65,Savings,c49819ef-8975-4837-b3b3-b6ddfe8b80c3
GB31QUAE07308657846617,50379.29,Business,6bf191ec-663c-4b49-9cd6-5bc42378ad82
GB26BINO33178315068465,548987.81,Checking,97fc0591-6e14-40e1-825c-5d7a6e1f131c
GB86TGWY14399309932244,335676.24,Savings,367856a4-d0d6-468f-926f-91eef43f0bd7
GB59BXJI40149604717013,7240.27,Business,e3c29479-6432-45e5-a6c7-640735ecb025
GB61GBFL24260183370480,491560.25,Checking,295c9db7-1af2-47c5-adcd-b7e6c591db05
GB85HSGX75901588631148,6042.77,Business,0b93b0dc-4a83-4c6a-8c19-c0517cfbff98
GB68XIIQ88866315766792,955190.38,Business,5261b22e-665b-4033-8bb5-db709e22d504
GB89NYEJ27731856396495,924380.22,Savings,d900ecbf-7330-49d5-aec5-3e54558e5c23
GB40BUJO48137400784609,750102.43,Business,115b9129-f1d9-4bf5-b296-324b3afb9be2
GB81ZZJP24253970765524,412355.81,Savings,e43ab537-54a9-4de7-89ef-da550df232a9
GB95FYRM71459925314667,314824.24,Savings,37dfa3ca-9015-48aa-ac49-222d6b04ab56
GB90AVQB85668921998588,448997.95,Checking,0108e519-f412-43a3-9a6e-15998893f69c
GB58OQVL48265632991323,657725.17,Business,11c35dcd-1832-42a7-b7a3-4dd65d362a2f
GB93IZLE83003773721714,875026.64,Business,33dc2ca5-3817-40ad-a61f-f655fac67e0f
GB05QFGT45448047645506,119940.09,Savings,c220ea8a-fe80-4a56-874e-66821d892a49
GB72SJHF61728750536607,334985.65,Business,1452a291-8b69-4500-9f0a-35c1dc6461a9
GB06SANX03830449098144,642955.6,Savings,f148fc41-eba2-4290-bc80-8037c7193508
GB53TSRG67156687308610,908909.82,Checking,62e1346c-e4f2-4f0b-83cb-afa1068a4a4f
GB90ONZL63590924059379,901900.39,Checking,1b937902-d4eb-4b86-bbed-5427aa36f0ac
GB21SLPO41474817330122,25400.32,Checking,253b75ea-d225-4b92-aa62-355689647746
GB76CMVJ65433513835728,294181.21,Checking,55df2c91-c67a-4dc7-9ec2-bd376e150a27
GB19BRHC01343227223431,552776.95,Checking,3c73dad9-beb2-46fb-a25a-395250a6eee1
GB35CPJB66233712564234,599897.6,Checking,f9067ea1-36e4-4e0c-a8d8-1a491d5d8aa8
GB20ZRVB48794556407873,96261.8,Business,dd354172-a819-43ff-8998-e4aeb4664a36
GB33LCBL89626064196016,333054.63,Business,429087fd-ff0b-43a2-bf73-0646d2a786b6
GB82XOWR51772883688156,184996.33,Savings,97287349-1eb9-42bd-b6db-90b628c94a3a
GB25LGEQ08364368159848,204781.81,Business,f2ebaedf-87f1-41b6-8a67-11c1d071b5d6
GB68IEJM51770754772227,758644.71,Savings,eebffdb9-3e8f-4fea-92e3-223a091b9226
GB25HUNU14190724727592,872908.34,Business,554984b0-e5d5-4cd6-9214-e216b564d1a5
GB93PEAI70406184131686,920013.63,Savings,45ec61d7-3e18-43b8-849b-eef930336d74
GB72LINW94586025688570,379837.72,Business,5b9c2321-fd89-4882-88f9-8f8c29da48a9
GB11DYCK36757801147524,929985.67,Checking,89873054-2122-47ee-9660-a9b0098fa83a
GB33CYNI52444762341820,169825.6,Business,67c1542d-f167-43a7-bfca-83294128bcc2
GB58MFRB27377162078942,320562.16,Savings,fc7a90c9-409d-4382-8d03-17343f39af6e
GB58RBJX07255487601734,413079.47,Business,87fc92a4-9eb1-469e-b306-d7ad14d3ade4
GB67IUFJ18290561887238,292238.03,Checking,1917a7a6-0b02-4337-893d-3460f4442b14
GB87TTLP50380801485364,769755.78,Checking,42d00843-1d6b-4df0-8d04-407225e58dae
GB13AGFG29735435056234,398224.94,Checking,05fba95a-0f37-4843-8f25-d4c727246c0b
GB54XCHM97243939001265,924739.48,Checking,aca0115a-703f-49a3-b536-1b2ba7fc5374
GB89UHTT64008856221180,631209.44,Business,1cdc032f-35d8-4e9d-ad64-56621121f5fa
GB29VMJI00866069383607,324053.46,Checking,387e8de8-ca74-456e-94e1-14e8a766b4e0
GB11UCWY14522831382586,778144.8,Checking,f4fc6239-6d09-4482-8259-293fa42b4d61
GB61DKMG17244966760471,30795.46,Checking,80cc702e-bc91-4add-bea8-13d014ce912c
GB19ERNS91322361220117,921.13,Savings,c68b5dc2-0c30-4ed2-8412-a37548a2f1bb
GB51HGEX48709954795363,680417.55,Savings,eb381dd2-f42e-435d-9d84-ae3dd0631418
GB76PTBB35041127270437,581317.2,Savings,e6dd03f7-9df7-4980-a410-7b2609d66680
GB21YTAE79861064672489,491868.53,Savings,aa939cc5-ce87-45a4-8914-bcd7d3fa40d0
GB47PPTM73779537626247,454351.05,Checking,d7e618f0-4d12-45af-9be7-0f5f21ba584d
GB71XORF98298666816013,803379.08,Checking,92392d1c-ed80-4924-990a-850f6c75408f
GB74YNZW48414542707939,111300.81,Checking,71574bf0-d0c1-41c6-9064-4e4a11661ede
GB54KKQR76870728176616,725877.6,Checking,1ed32ea5-271a-4c63-a2be-bb8229eb4dee
GB92ZSDN94615920051435,160287.84,Business,a5e38351-b717-4958-b40c-930e732f2f9a
GB79DNQG79612791684337,543222.18,Savings,9de4937f-956a-499c-b3c5-e9e80e48e4e4
GB55CVNO18649374935175,416769.69,Business,e72e114a-e064-47eb-91ae-dec18c3fbcf5
GB36BSRQ43716564283153,815056.81,Checking,c3b9e545-160f-4891-9805-9832bb4abbc8
GB95UULW41358077969966,611235.97,Savings,65a64c82-4d20-4106-a47b-f331ecd2db4b
GB15VDPD48012732335476,384743.43,Business,aa7c9c71-1fe4-474b-bfe4-0b9fc8496262
GB28PGPP90295142447625,592647.79,Checking,6adb3b43-7460-41ca-950a-81d3e0ba5999
GB75DPHL70179349827933,992251.94,Checking,833c05ed-7a44-47fc-98a1-fae81fba5327
GB63OXZY09447164560601,967881.59,Checking,6a331e1c-c253-4fb3-b0cc-319a264105e2
GB87LJFR69120448354466,764961.98,Checking,0ff5b327-9bf0-4bee-b103-d43bdbb06572
GB29UPFF03964851328960,691595.15,Checking,0ea0768a-3af3-44ab-a689-89fc9a63defc
GB16FAEN75799331443536,608793.08,Business,7a45b87c-0d97-470b-8ae5-27b9d85f98a9
GB20GBBT32614198669086,676117.02,Business,72c197b1-66b3-43fe-8edf-4c36f5571d44
GB51XRKQ47988379915704,814068.31,Savings,de3e7156-6bbe-4366-a39b-615e694e374a
GB20RWND73880797928893,385028.66,Checking,0da90892-f22d-4662-b636-3e7c7181ac49
GB23TJKL06726491469026,374095.87,Business,7e69c653-9bd4-4d2d-a624-224531144a4d
GB36FHGN85756127686840,569100.06,Business,647076b4-d751-42f5-babe-916106d95262
GB16KYSY97789209113676,969787.98,Business,d858be3c-185e-4f4a-b23c-22e0dcbd7998
GB40NQPT48505454053913,971755.27,Business,7886b962-52df-4f21-a6ac-e0f286a972d7
GB15RYNT86904498508443,591523.35,Checking,ba9db921-853d-414d-8e5a-5f61cc801f91
GB48DNUV45340055919148,318909.99,Savings,8ef4c8cf-5017-4639-b841-98312b3aa9fe
GB74XMPP17524102356196,299172.26,Checking,8de26d3e-7d95-4d65-87b5-16da17e008f4
GB54GLSN18154901927271,891214.8,Business,485d4215-ea2b-4d48-9dba-94835ec0b62c
GB07APUD21836062123887,555101.81,Savings,6beb2e64-ca3c-4dd3-a505-14f74d1b7336
GB61UBJJ12886639704338,950315.79,Business,b832bc9b-542f-489b-b903-20fb887c7ccf
GB72OJYF81564155448137,856990.56,Savings,f84e6e66-5c1a-4ef7-871d-2252d5b1daa6
GB54DVAM92287875671444,422639.29,Business,4a93227f-aa6d-414c-b3e2-b1b689c6cb2a
GB07MVJA07138950861556,103439.39,Checking,1766c236-b83f-440c-b925-34f2b36a2e62
GB36WOSO33475743107789,4996.59,Savings,72d51dec-723a-4f93-a5bf-f89ef9392260
GB81VOAM03779442916545,680418.47,Checking,1e14b0f5-9141-4c94-a193-11200b0972ed
GB21VHOA89215298128964,144896.51,Savings,ef811985-9078-407c-a5c1-a5f3f070815b
GB66FWPW78684503459102,938333.45,Savings,98dc1268-bbac-4db2-99d9-f8f4b9971621
GB53GVET64954137559468,940737.78,Checking,adf2f2f4-c67a-41b6-bab5-a12fb40ac051
GB46ESHD77819432076203,932786.13,Checking,e9f146a1-c8b7-4c04-b7a7-79b804ad3456
GB88QZYP69847306127585,473755.58,Checking,01a262a8-be18-4025-887e-62aa7711395f
GB03NQDS08785087793704,849185.76,Savings,7d1de3d2-6c19-4d01-94fe-4c98d356518e
GB59EOWK98149812440253,48741.2,Checking,43350679-a673-4352-9b1f-b9c9f768ca71
GB31ZVZZ46584970229880,623345.67,Business,5cd67624-4c2a-4476-9da6-6ce776463afb
GB04JTZO17094203653876,466520.23,Savings,768d7b9d-0315-4a40-9d9e-ea62ddca8d65
GB53DUXH99341168399009,996484.32,Checking,18a67e40-f182-4a59-bd37-1a42284a8d99
GB50LKTL59641063930741,827163.6,Checking,5a0e6ad9-bd41-4a33-8a86-426d34f58c57
GB77QQWX17207501100043,676000.45,Business,499175c3-2671-43d9-a297-ed86460e995a
GB56IUPY49775922192620,512100.49,Business,ee751781-3515-48ef-9a8e-40ecda365184
GB02XMKO63297180274449,775196.16,Savings,d451190f-87bc-4f39-a098-165d43a7e5a7
GB66HYDP02303100482096,722107.4,Checking,b9e1f797-6cd6-495e-8fe0-e68b31c27c28
GB49UUYH81757655868122,812349.61,Checking,70b6bbcd-02b0-4d82-b9cf-d6d840de9b7d
GB32RZKF92669957560048,121526.12,Checking,ce5369b4-129d-446e-93f7-af99c40f0c83
GB79LAVT11184548085587,512664.82,Checking,537cc55f-9f5e-4d49-b312-33dc61ef6dee
GB74GHKR12752957225940,244417.99,Checking,ebfb9b69-40e7-4c64-bbc3-a34216a4b9e1
GB68UOTX96327680170834,832266.36,Checking,5d0f2c59-58f6-4501-815c-c7bbdf825181
GB61UDNW93706682954489,831145.98,Checking,0391a0da-2c01-4148-8150-e13d3e1fb885
GB53LOZF47375097994875,976703.57,Checking,25c12947-0f69-4c4a-b4b6-250a1cfc7cc6
GB36LYHN75294617683634,656528.51,Checking,06eb5c3d-e743-4249-8f8e-b8e1f6ae1a47
GB12TBRC74075467860580,469726.53,Checking,fcea6867-8635-4131-9a43-dcd45ad36042
GB50QAVP55078361174471,769272.59,Checking,0823d1d8-573c-44d7-aee7-379e5d6f1cd5
GB27PPWT45105213731282,132466.37,Savings,37450dd1-8d43-41de-8015-cda27901ed1a
GB39IUWG45569821368665,824394.91,Savings,9fcc918d-fd79-40c3-8855-350a5a0d010f
GB29AYBH69075460230280,970220.91,Savings,5efba340-241e-4eba-bf64-8e5c44856798
GB56TRII23244373462186,545859.05,Checking,781af1f9-82a2-443f-9469-702b77b1e288
GB47JJLY68638815119441,618800.92,Business,8b30d46a-d147-4152-8775-6c23600c67f3
GB81NFVC58667763395934,813682.78,Business,9ed051d8-e8fc-4e24-8e84-ff60059d86c2
GB17IOUM49801241234383,262734.4,Checking,de090725-78e6-43b2-abd1-84ab67fe8b2c
GB16MBVZ70402528581595,992350.57,Checking,98d44b51-e8d0-4029-9802-72f134e98d32
GB73UZJS58758632025235,177047.23,Checking,5c88c873-cc87-4aa2-97c1-b3d0224d9a00
GB22EEPK54240969755076,874751.87,Savings,01e2e7c4-d043-4cf7-8f50-be8d7856701e
GB10JAYM38775008344427,565082.03,Savings,7d177142-766a-4810-a6a8-059e379514bc
GB40UUBB13364262118103,373039.5,Business,5c67a6ee-736c-4384-8927-0f6393627f46
GB58RBPT80700411216828,178624.87,Savings,52ef980d-8c90-45b4-a8b4-34808902bb7c
GB23MJSX20999034477261,60006.87,Checking,e763756b-2ee5-433d-a352-1f038fb6bfa7
GB87KTBJ57804834688000,556863.19,Business,06129898-987b-4117-a1e5-af2599e78505
GB62QQFX30244979758860,730390.29,Savings,b8b3d717-e3d4-44c7-84a4-1c9def3adc50
GB19OXOX75790134966531,897760.2,Checking,02a015a1-f112-4b63-9544-c95e81357e15
GB65SPNS23917846244392,5301.83,Savings,ccb372c3-8702-4b38-87f3-847bf3814d6c
GB38BTYH92867288671036,618764.0,Savings,9824f9d5-4683-4be5-9f45-f45f7d6b84de
GB31XDBE16897601951977,320009.96,Checking,6b4ffc63-56cc-44d4-a404-1ff9b86bcabc
GB02YNMN21187648969215,150811.88,Savings,79c6f0e1-924c-4f95-8b63-e3bc197e83fa
GB70SHWB71209499338575,760237.47,Business,f0c07b6c-26bc-4dc1-9076-f4ee1de2a363
GB71QOTM37175643815637,174015.32,Business,9f9f3a7d-681e-4549-bc15-0209011af4ce
GB59WSJJ49147623105332,186347.45,Checking,e0ebc12d-e256-40c5-b9e4-968a7c968d7c
GB31KHHT55575540025998,503820.79,Savings,b5d0087d-1dce-41ff-a2a4-4a884c47df25
GB64JDAL48880187298772,108019.32,Checking,5ded7198-7734-4686-b71a-3ee79a47036b
GB57OINN63838678712949,72599.13,Savings,3cda4046-2604-4e64-9d2f-4f7d43ab0ea1
GB28JKMK84805829229239,480893.16,Business,07b41722-1abf-4a8e-9db3-9d18cd6d39fe
GB09OFKC23497453798635,828298.53,Savings,1a22b764-b7eb-49a5-922a-cb4eb2b43f71
GB93NGDE79630342434501,72011.54,Checking,007b5b45-a594-436d-8075-3931e178d573
GB62PAWQ95634067931621,840107.9,Checking,7542f5d1-7820-453a-b7cc-b3f9a039eef7
GB82YWUZ05519153186608,123686.0,Business,57186233-2704-4c9f-8bb3-fca728caa275
GB09SWSB38365953125958,836337.2,Savings,e6b4ba26-dc75-4369-abad-86dce3973755
GB72FJNN93639642958978,259923.37,Business,bef1bd76-4d90-472c-8ab2-1fa74deda525
GB69CWXW47601745477270,277036.92,Checking,d8d9f8c7-dfb9-4275-9d40-5ac526623631
GB08AHST70022341686399,424302.05,Checking,5e98ad10-c491-4c38-af90-f6d586d1b5a3
GB68HYTB63314443504821,416882.85,Savings,95890489-5d49-42fc-8a3e-dc19c3e5f0c7
GB95GUQZ16792061073387,82638.84,Savings,35a1855e-e0ce-46af-9cbf-f095c2bcc7c5
GB45YZAV89522569343257,506166.46,Savings,efdeacdb-a3fd-4d1c-88b1-fcf0bc7ad3e0
GB90TDMF97220255075324,921881.42,Checking,f4a78194-c768-4040-bf7f-6d1580173754
GB43WWOZ98574708460718,402135.38,Business,cdfc4fad-8f75-4da5-9b98-b5be1b0827eb
GB32IZJQ84949222816222,970528.03,Business,a215b72e-1297-4227-852e-82223ddec018
GB57OJCD03415325266364,666353.71,Checking,e502c7c3-3c46-49bb-a5ce-ab94ee909890
GB76EWFH10248471482214,809247.63,Savings,9f06503c-0bdb-4814-8a2b-b54e615cebc5
GB48FRDB57844628374132,187554.65,Savings,02c969aa-66e0-49ca-9561-6d73a078e536
GB36RWGA76510842551346,444582.5,Business,cd82b175-f230-481d-ac12-0c9d7bf2bc8a
GB78UXFW61972369634970,25521.11,Checking,a4f4a1d5-32d7-467c-b096-de5e167fbe05
GB71JZMJ54890079936198,310257.9,Savings,926cdb57-4d8f-4fa5-bd10-60d97cf40fa5
GB85JOWA62597707861488,142997.04,Business,9c198d3c-b309-4b4c-92d1-b7b206bebd77
GB24MBDZ26696960251543,445995.77,Business,a404107d-f46c-4759-8cd8-001bdc7302a6
GB09NWPF26297341006441,783948.86,Checking,5183bfd1-cff0-4e53-bcf5-8b4f01619605
GB20RKWZ75525290839630,728279.82,Savings,14e182ae-f873-4472-bea4-23c66a28ec84
GB94BKNX94653599970530,696909.81,Checking,433aa201-95b7-4723-8ddc-6c868dbd7160
GB11AVJW64865906031363,815279.75,Savings,83791dee-433d-460a-a910-7194255034ce
GB10CBKX86268924567555,356005.8,Business,c5995617-35d6-4d9d-bf63-fb0495eb983c
GB32DTSM31341618876256,310610.71,Savings,aff88a09-83af-415c-99d0-5beeb654094f
GB29DCSL24258899286902,596729.46,Business,dc90b9df-57e9-41d1-9fc8-b22f3793272a
GB32XSVI24593943681281,392696.62,Checking,835b716b-85c7-49aa-82ce-25b18d97f376
GB93KJVQ74926795819705,927906.26,Checking,984c5746-1586-467f-92ce-86d2476a95a3
GB16NVKF99351226619604,628739.71,Savings,0c888c16-e498-44c0-bbef-0683973274b6
GB22SJQZ53758437305585,64282.41,Checking,6de60c32-0394-4e62-86c1-a04c7fd3eebb
GB77VWPG64707449505550,360011.44,Business,0533f3f4-e901-49f7-a977-8cf290f2a9e7
GB98FCAC06341445642666,114343.26,Checking,5cab651d-e391-4544-b028-917df7f74e00
GB22QVUD11955797697693,541096.77,Checking,e41a46e4-b28e-4301-ac07-6adf9a5dcc53
GB28BBDO31578670589690,854064.08,Savings,6656d64a-880c-4965-820f-77ab6c2837ec
GB27INUX57595529252422,401055.99,Checking,821dc9d0-9ce2-4714-a646-a2cd7e992270
GB61ZWAW96038721947782,256355.45,Checking,5b4ef907-1751-4fe5-9397-0a16725adc2b
GB46UDFG67876931038047,946114.72,Business,4c5aa65d-8c23-4657-a6b6-873c78381a51
GB82QBWC10143989533101,418508.4,Savings,f1077eb0-6fc3-4bc9-bd8c-45e66e57851b
GB75JKFP80052083777839,902245.89,Savings,1991dc67-5771-43bb-b1b5-1c389ba7847f
GB24VNOS55467340184313,33646.99,Checking,e15de671-cadc-4de5-95b9-a3bbc0c69eff
GB27VNQR82405486289741,602431.41,Savings,c03beb53-171d-444b-8560-81e8b1fb8633
GB14NSCO03943328467984,120814.38,Business,b508602f-fd67-4f97-a132-03e4bab4ab88
GB97VDNP13986899142025,158939.31,Savings,bfd51022-3506-4acc-8771-b4e51034f2b4
GB67QSIF29022201385899,35352.02,Checking,da013355-a4e1-4ce5-b001-04f9293ebcd9
GB84BWBL06818362119701,836396.75,Checking,a01b7ecd-df9e-4813-a768-b81e25b625c1
GB88XQEY04001591392353,353671.3,Savings,db650f1b-69fd-4ad7-b2f7-5cebe1f7dbf9
GB74WMLV23761493917344,790255.83,Checking,5192aac1-76a3-4ee3-a558-3335565b1c84
GB36FUAH35952532692129,239743.64,Checking,8de1c14d-e667-42ed-88fa-160b20d9b603
GB25EUEK94720940508987,403951.66,Savings,13e3a185-a1fd-4fb3-90a5-b83eff790ae3
GB33GDXW34334985586258,354200.39,Savings,628bef3a-1fab-4a0a-ae7e-bc21330f0f67
GB26AWWN82020885631760,316208.19,Savings,09720cb9-8c6f-4e10-b86e-95df536dd0a7
GB73RACT37115846387507,510298.6,Checking,8731e462-bd44-47c5-9cbb-c19e4ddd0e28
GB17UHWR62579993697575,379233.72,Business,58501ef8-085f-496a-a638-db59a45224ff
GB97FIXP98207516682500,501211.41,Business,a5401e82-c410-4ae2-b11a-eb3c8eb073db
GB35VYIB76862124184879,848873.96,Business,94e2905b-b22a-418d-97b6-ec08ff3883c7
GB91CXTP04688473936639,623388.43,Savings,afcaa15c-d9de-4498-b327-a93f4fbbf279
GB56NRRX94131497419609,818179.95,Savings,3f8f959e-6762-4162-ac98-549b8b22c898
GB09YITC92629657862107,838183.33,Savings,0efd01d1-27d6-41cb-a42e-a2b86ec675d3
GB20RGLA58939722917595,712185.08,Business,c6942ef7-82ce-4a41-9ee3-91dd411a4fcb
GB77FNRP67082326518632,388591.94,Savings,c49643d1-1665-4653-a1c0-d9b277ed7681
GB67ZYVM95919663916058,759734.58,Business,f05eb896-4b32-4586-a614-c9e7b3bc080b
GB90KHMT24161950849705,254290.74,Savings,19877ea0-5fda-4f41-b06d-1463b2c44fb6
GB85ZBDZ82368354026375,821112.67,Business,3ace8893-6600-43ec-92ca-2dbd8921c907
GB52IRNG99811146662024,392778.46,Checking,415c384b-0d84-412f-b06d-ccbb9670e7f4
GB39ELKI67179805857318,135718.5,Business,2f1ee799-8316-4c97-aa7e-365d09fff55b
GB06TKHD98329233989147,651256.79,Checking,e18bf20f-aa55-4f2c-8820-bc95c85e899b
GB76KHKA31096542171287,272036.79,Business,22769677-2bd6-4555-baec-070a31117b13
GB16ZMHK14860374879624,445417.68,Checking,e48c0cef-ec4c-4753-9c3f-2f9c6fc0af49
GB57ITWQ76169703536881,779956.17,Checking,276315e2-2fbd-48fb-a82f-4fd8c5e7e305
GB40HJAN24355021964964,642297.28,Checking,99529eda-b19a-4646-a8f1-524b09c2ef60
GB86IMPR94209357201841,812431.24,Business,300da8c6-0c6f-4eb7-be57-226b4fb9f22b
GB69ZJZJ34401026638618,994510.12,Checking,418f29dc-51c2-4dba-a279-f583539d5dd2
GB48ABOU62497117301219,72501.14,Business,0564a31b-deaa-41f1-8fea-3e3c7ac912cd
GB68RKXK54545055368877,51974.43,Checking,f1dd0bae-0a94-41a9-9e49-75c003a30d1e
GB85EPEO89321161294184,500200.08,Savings,80ea9470-d163-4ade-9ced-81265bf288ce
GB19KXRY91377081603442,670030.9,Business,0d6634db-877d-41ef-8b78-f56ea405f1dc
GB44ATGJ94197791882676,187404.41,Checking,b4cb68ab-ccf9-4100-99be-09361d2ae90b
GB08AKAK15246059146594,70846.1,Checking,e82a3404-1f04-4322-b7b0-82f109eb710f
GB68POYN00967526124279,306157.67,Savings,efa9e9ab-77cc-4353-bf26-8db95d97fe09
GB20YEIT03546678894165,122282.33,Savings,030ba37e-817c-4db2-b0d8-03b2fbac3e8f
GB39AACG98255954952108,940630.35,Business,4fb80b19-41b5-4ea7-8995-7bb6e5659773
GB77WTTU40715738152268,227952.73,Savings,926aa325-5b42-4a29-bd4f-0c2382fff8cf
GB93ANXT10330801393988,710258.71,Savings,aad4ea5d-e17e-4950-9c80-b04783a946f7
GB42STVM10275507002848,325650.25,Savings,66236278-a252-46eb-aeac-7fd249a10d23
GB09COJD31008270436736,685056.98,Checking,d4dc89df-cffe-42c8-8a2a-6ec4b3c394d0
GB49EZMF85398486701091,54853.97,Savings,b41e4068-b52e-496b-84c9-90afc23b1a9f
GB58RYSC64394642068949,162258.07,Checking,ba7fdc66-3ef2-41cf-b5a5-77069bef02c5
GB47ORNF90992444667088,423143.92,Checking,a349c026-3a57-4c25-a013-4cb8d96fc444
GB04RMDV53813321345728,527054.89,Savings,c288b0bc-6baf-47f8-a7a6-0f5682d84417
GB31XDVH30804860904337,170130.68,Savings,b170ce92-a30f-464b-8639-c4a04160540e
GB21HTHW83688602608014,303457.4,Business,928e4787-782c-4fd8-90ca-07ca6ab82034
GB63LIZK36330329457959,740564.52,Savings,a77fa37d-d842-428b-bf4c-6cedd53c12fa
GB55KMYI08427088819169,513981.97,Savings,a9483f78-3fd5-483b-96a1-add9f0d71042
GB46ABUC60138815803868,26809.4,Business,939b3e75-54cf-4164-8304-f2be011df6d4
GB97DYRG78977954641476,398020.14,Savings,4ac3a8fd-f6a1-4171-92e8-3b5deeb78fe0
GB84OIYW88444202282924,828594.19,Savings,e4a5f066-1617-4f4e-8224-3a512db1b3f8
GB44ZUAY22854274463116,640988.99,Savings,4e4c8afb-5f4f-4557-94bc-9c3c63e7d75d
GB67MDHT07500470843999,132923.88,Business,3bc9541d-c758-4638-9efc-01c551e6243e
GB42GMXQ43783343875224,190893.56,Checking,7d65357e-1a6e-4344-ac91-9e5e9cf59d4b
GB81DQDH27794736778714,820628.55,Checking,b7e6dd9e-7817-4a2b-88b1-f6685b9e3c5e
GB27VGTQ89430977466282,907394.22,Savings,2d23ee47-c7d5-4ae9-9585-2de82edf09ff
GB36OOCZ98455664690442,242949.75,Business,76e70bea-1401-4e94-b8de-b677c59162fc
GB20QZYB65831002502156,425123.67,Savings,db3ae76a-0bff-44e0-acec-788d89c5e735
GB82XDLX18410809179521,704037.91,Checking,baa7cbf6-3c2d-4e0f-9806-d38784c779a8
GB39HCIK63419834243022,566468.39,Savings,28bc552c-b722-4918-994c-311f8f850479
GB18IWLU99285433035388,121467.95,Business,46da920b-1cb2-4b78-b4b3-6ab39a4ddd4a
GB31HAEC79648526522136,677866.61,Checking,0e16292c-541e-4638-ad79-7e6175248b70
GB76WMTF11311800414081,864781.35,Savings,b1b34d4a-d628-455f-890a-b2c20ce4726c
GB90LAGU46868028038052,947389.02,Business,11844ed0-1713-4c9e-8371-aec449a79730
GB95LUMA91502273208841,662432.21,Business,8e97fac8-a3e6-412a-ba35-b62e9520fb81
GB05LIQQ64336697144772,812199.2,Savings,7618e2fb-aa69-4599-bef2-913780988dc8
GB48BANJ83474033047800,128869.36,Checking,ecf39660-2238-409a-9f21-820f21545abd
GB80YGKY12102719335794,951368.31,Checking,aae7737b-40f7-46ce-90ce-ba8a08588aeb
GB13ADSY01196380505468,575931.56,Business,74e26a31-6605-4102-82b3-50cd97abfe86
GB51XLGV17855225108303,710847.03,Checking,54aad35b-9666-407f-b3cd-4b4169f8f978
GB17PIGY41530385747868,248783.33,Checking,2a975ca9-f881-4c8e-bb5b-99c139579f48
GB79ISHJ88779250863998,48770.86,Business,99d0d76f-c30b-4c4d-9c8e-0cd50d9360f8
GB49TDEC59757197942491,829213.91,Checking,3d29ef00-1756-442a-8788-e0377267a2d3
GB58NYOT58408819369086,961503.09,Checking,99bcd7a9-bea9-4e1e-b185-38cf671c3d72
GB18OTLK70963540596263,769262.21,Business,c5cec8c2-46c1-42eb-be3e-4c58279b0a3a
GB59FDYB47447133117128,750734.79,Checking,be129410-3991-41ba-a939-ee1b3f7bea46
GB41NHNT93763973984459,93544.08,Savings,c28b8ea6-6ea8-4a1c-859d-ae7bfcdffffc
GB18CVWX72143988077289,475433.32,Business,e6f780cc-15fc-44d4-bf76-ddb48d2ba229
GB81HIFM15389599630071,879223.05,Savings,14ce25c4-7090-49a4-825b-ef7a26568461
GB20LOUU99967136287838,985667.58,Business,2eb8267b-bd40-4c36-be74-6977c3e04fdf
GB36XCAC53347042750511,860718.22,Business,3a77c17a-736e-4ac6-9c79-7b16e723bef1
GB42JIWK28591907591050,210275.61,Business,d3ff834e-d5cf-472f-8dd3-625a5903639b
GB52JSLJ70244770099712,990569.58,Savings,87523f0c-989b-46cf-9e13-7e4481edc360
GB84UMEP25908694920729,636633.41,Savings,509d68b3-4fc5-4593-8b8e-4f1f6b4d7f56
GB68STOH68636825213865,242996.13,Savings,cf4dbb88-ff86-4231-ba64-3e798dbaacea
GB68UPZF98454483320832,442162.73,Checking,477a1fca-3ee6-4528-98ac-d58e7315a923
GB12UTAQ80991628083704,547034.03,Checking,e5a18217-1dc9-4b25-b884-37cdf4ff5164
GB52JSYN28299550742639,966750.11,Savings,7e04f043-a1e9-4902-a159-cc8f35e0d7a3
GB48JDAU70273312019284,784009.53,Business,52bf02eb-2884-426a-abae-3629f0171bf2
GB47ZRKQ08128726430432,526169.69,Savings,f5291163-8367-4db4-94c5-f61f55854af2
GB33PCKM50277396756357,293994.87,Business,a22ce9ac-24f9-4269-af34-cabb311c413c
GB19ZNIJ45258746734407,62428.46,Savings,332d7dee-f813-463f-a5d7-9c6fc07eed07
GB41IAHZ42185654550716,917087.26,Business,79f84ec0-ca22-48d0-aa38-1e398994ed0b
GB32KZFK53331746002593,665602.22,Business,a2bcfa19-7b74-4d3e-a4c6-0d1d39c3f759
GB37BHRI13117365506941,485306.46,Checking,68189814-ca14-402d-8ed0-342cb166813d
GB92WLXR10449248857529,860132.79,Savings,4a92bac5-431d-4ca6-bb1f-048b48b0539c
GB03QQVB50175132559077,533753.1,Business,63feca76-2926-4cd1-831f-f75d16cddb31
GB27MAAV34858995058883,821338.49,Savings,5a78094d-cc85-43bf-b98b-57088783f1c1
GB41LWWG54317583719948,369074.03,Savings,9e2c165e-7b27-4f8a-a439-38f754296dbc
GB06CPUP99005047419482,152782.11,Checking,df6a39ef-bb88-4975-a90b-2aaa190c6903
GB61GFZK67069961539291,195657.95,Checking,edc1485e-7fe9-4142-8c5e-d442bf03a9e3
GB08GAAL60401867376938,439434.94,Checking,0d2ea53a-6bdb-4e96-8619-4efc8170fb21
GB34WKBF04790340613987,255432.6,Checking,936b4bef-edfb-466d-a266-a1292b79320e
GB50JOVZ43633553404571,857454.51,Savings,504e549d-c8e8-4f92-aee1-db3d534b27a9
GB20OUVK79713268724887,944543.64,Checking,260963d2-ba98-4fa1-af03-e022231e52d5
GB59VXYZ37172720837804,727612.83,Savings,d9981341-f05a-4bb2-9258-d7f9f233bdd8
GB26FPIP15136236589666,853381.7,Savings,fdc9f1e7-ef02-444e-9e4d-73da92281f1b
GB03VJUF87882865060807,478661.41,Savings,4558f8ba-2a5f-4f74-9b31-af1ae380f4b6
GB55XTHH63008830815210,141604.89,Checking,3ae895f2-4c6d-4017-a8f7-80f02ffc1fc8
GB47WKYD73580378954306,639174.52,Checking,58dd46e4-790d-486b-9af4-e6f3e27c06a6
GB90BCRE14889378348657,645938.81,Savings,b2364056-9ac8-4098-9ac0-d3d36b9e164a
GB71IUXF99863626412835,837708.76,Savings,1c07ac92-ce60-495e-ae8b-8f8c26137e30
GB33WBGG58549620439523,301689.63,Business,f4605ef8-f00e-4cf3-813e-bbdc935af584
GB80RLLS99496425698594,7342.82,Business,183774d2-2a0a-4ed3-8a8e-8d1db1cdbd48
GB84UYQI84701919164387,549932.33,Savings,9a584df0-a48d-43b1-8be3-fd26f2fb843f
GB69JZST01439485661539,39675.06,Savings,7d54c608-a5cb-41ee-bce7-ca8cd392abc6
GB89OXRH39678187456786,503473.66,Savings,ca7f4702-4e3f-4736-a519-10f3b9afad17
GB15TDYP25715366905692,698315.78,Business,6ee55a64-e43e-411e-9065-e7a187605a30
GB12YDEH11188885736371,628337.91,Checking,91cd8b68-8a21-425d-b9d6-cb16291d0d7a
GB87VUAN41221556360454,371803.1,Savings,120b79cf-c43b-4808-8a24-ab49dcd95c7f
GB22KBCA49240268451341,164322.74,Savings,cf587ef5-acfe-499a-ad3b-1f5266065488
GB47NFMQ26241007131770,516087.9,Savings,30f7c442-d3ad-4c70-8d47-11e1639ea3d2
GB04MCQL02737080809204,513913.28,Business,9f94f88b-e220-418d-a0a5-01f9a082f647
GB44UBHU48014728823138,631614.77,Business,782cf188-88b8-4231-a2ef-e04a95052f65
GB90IZIM90254825913972,978016.87,Checking,d2085c16-337c-4463-906c-b4aa042cbd29
GB83VQBC94103713386656,206350.17,Business,3f9819bd-9f8f-48de-86bf-366842715a1c
GB60IGET11486789398820,201749.52,Business,14b287cc-075a-4ead-9183-d93ff56d2dab
GB73WPEF96321410237020,153708.2,Business,4d857762-bf4f-4f3c-aed6-94cdc574f47d
GB59BWCS03171829690014,613850.61,Savings,8a36951a-dfcf-438f-be9b-4f483aa7007b
GB02CLDA17544229221229,696777.64,Savings,129d0735-7a04-48c5-a758-5c9637019fca
GB23FEGK83240425362642,958124.57,Business,01477da4-f7c2-48ae-b887-ce4f36e26c3d
GB52PQWL01947302508918,474121.35,Checking,71c2ae89-18ef-436b-b64b-d24ee9428e7b
GB27XOGX60946578342586,109951.74,Checking,69d9c7da-f00d-415d-9633-5c63d7a842f9
GB45OQOC10423369782406,310729.47,Business,bdd9802d-7cf7-417b-8e77-4c09de743480
GB37EOOU08550923578543,894436.26,Business,eef0221a-30f2-4ee7-9bfd-146a32c3a53e
GB67BNFD06667504284177,139347.52,Checking,607c1e07-2a74-41f1-8607-418bdcce0b2c
GB21THHX09883461250033,123942.75,Savings,85bd72ed-9f64-4e23-a8df-8e893f3d68df
GB82JMWY89148905664542,108863.73,Business,e451b056-7cee-41e0-b608-646e19b8a04e
GB78SVTL57670151577740,693419.96,Savings,8b229ea1-e27b-4159-81bb-4b3e01eb5280
GB91RVXA56322830665068,30430.65,Business,61c0989c-15ab-4e9d-8e2d-a2fe407dcf45
GB35AKCS07982444423366,940320.86,Business,f8c5b5fb-b544-4eb5-90bc-24d87abd1cae
GB39BUEV09629579425843,378392.64,Checking,356b79bc-b8f7-409b-8f56-2d5d93e74ae9
GB62KGVC79834044757321,318514.74,Business,612faa65-c27b-4170-8f87-83170069aae7
GB86PWPN83312788932187,944904.48,Business,98d5e362-4500-4363-9574-3ff1b7e00e74
GB12CRBC09344349049602,143020.47,Business,0d485875-2d9a-4138-9416-6d806d2b6de3
GB24KTVN63415333667090,871603.15,Checking,f15a0de1-6714-4b4c-84ff-024562600d9e
GB68RFDE12889367242377,545320.08,Checking,d7593872-6c03-4eaf-99ed-70d39e49040b
GB76PHUA62827673170819,75522.16,Business,723e46ec-2d6a-448d-9c74-040758f6f717
GB46OWRR64542658491135,973932.15,Checking,c5b43156-15a1-4c26-b788-2d615c32736b
GB59JLLI43296710883478,874067.9,Checking,c1ee7ae7-86e2-4852-aa27-a272854c09ee
GB76MPVW60210007106308,626246.38,Checking,12004e4c-a2d4-4162-afdb-7a9bb05b1c2c
GB23AWUW33231437510308,326680.75,Business,0f7a31bd-ce94-4e9d-a212-fa88916d063f
GB02JIJE79911605059453,248065.51,Business,c1b9103b-d7d3-468a-9a7a-a2bfd549f2a4
GB50SVUB54014675451218,329636.41,Savings,ccac63d7-6012-453d-9c26-005700897e91
GB22TELY37561768652044,768489.05,Business,9a539258-1835-4d40-946f-44f988ef7cdf
GB07VQXZ51056494856628,630942.15,Checking,04679d89-52d2-4ffc-bef3-6d157bc69a20
GB80NEPV79558715015529,976575.0,Checking,b91a3b4a-f9c2-4008-9914-9b0e029b59e6
GB38FFTZ16293282355033,963645.23,Business,cc9d403d-aa4a-4b15-a1cb-f2051c477419
GB23VVWI24847270559845,381692.94,Checking,a6e79e55-7880-4799-8f63-d96ef367b78d
GB69CFKL87374359272242,633430.3,Business,9683ed94-7596-4f48-8709-b727ac58f742
GB52BAPU20235296062545,502543.91,Savings,55ec8c91-22f9-434c-84a6-e9025ae02212
GB52UBKL05956180876879,194073.81,Checking,3e13625e-a5b7-4964-b0c0-df25557f4c51
GB68XNTR47621722604371,31028.93,Savings,41c7c890-e3d9-4f63-a8fe-ea965f8abf97
GB65TPNZ85270637236673,701161.81,Savings,dc6812f2-1d75-49ca-8de5-a5b3e9c9e97b
GB45TDIY15690906392499,535852.22,Savings,9dceab90-0bd5-48fa-8821-5c5c64ea147d
GB79UNQJ65595078462906,39882.28,Savings,d583866c-45d8-4e73-baa9-b2eb38498793
GB22CLJT74720523455209,50761.74,Checking,96a15bdc-c3f4-4843-a208-d4c0537b2eae
GB87OKQV85739986414862,985000.45,Savings,cd42af6b-d700-46c3-81ba-7e63379e6277
GB93VDKC50491371607544,656475.16,Business,54cf01ee-1235-4fde-8d89-a0492a0e3f4a
GB20SHSJ36187133984313,14125.41,Checking,53359b8d-9d60-4a67-92c2-6306553a626a
GB44JKKG50039714418052,904774.36,Savings,d4f1336b-2009-4dde-94c5-d89e27ceb9a9
GB44XEEG48264304518165,536931.99,Business,8903464a-b7a7-4831-8a9c-498102373b2a
GB92SANG29985068682438,891242.76,Business,3456a992-de1c-4826-9e70-7f38fce616b5
GB38VBZM48120772571697,685748.51,Checking,6d618646-da9c-42ed-bd70-772dd4f1e8ab
GB64UZLO08002250874632,198432.33,Checking,178babc9-647e-428b-8edb-b09193021501
GB32CDQR68400745155243,18490.93,Savings,a2648185-ada5-4339-8d4c-d29071be372d
GB60OFCM04591854485074,957878.74,Savings,20f4814a-ad5f-484a-9ee1-8b92bd775e44
GB98JWTC42117769705936,979242.86,Checking,afd7066d-5e67-4fe5-ab94-9ce5954da592
GB37FNLC96794286452185,480254.91,Savings,88da20d5-d814-44b0-8bc3-0a3e06f518e8
GB96MNFK64220293723687,559392.03,Business,56afa4df-13a1-45ad-bfd4-d8ead723b98e
GB87TWFD63021882477044,421828.96,Savings,b462b024-30ae-4e1a-abc0-1f11b7a7de77
GB28LIYS60989615142398,62043.91,Checking,04741cb4-b320-4af2-ab7b-36a0da193cb7
GB89CNVX46582014587261,472552.64,Business,d582f0bd-84fb-4535-9072-6ab2dae2f74d
GB26VACM78826464170956,143851.86,Business,3bf0efa9-8095-4904-b45d-355e22e6d8f1
GB97VVJB13298111951508,919128.37,Checking,75beb45a-9463-4c32-9b91-9d78c4795b82
GB76EILW06789616018737,325790.72,Business,a55da1f4-ac6a-4cbf-bc75-64d06dc5dd5f
GB72TLRS89676254281960,959732.01,Business,e7b6a7c8-f210-473e-9031-c4867b2f353c
GB36LZRQ68264805715726,534081.19,Checking,8f921704-34c1-4b3a-b01d-215f4e8163be
GB89CKVO01868106649633,836759.72,Checking,feb55851-f667-4edd-8785-7c7b0df16f0d
GB54QKOR11641391938972,100269.5,Checking,baae3b12-35f4-4c89-8abc-74dbd439e7f7
GB02GOMN17269480722128,793307.15,Business,fac0eb59-0607-4ace-a7c9-f625ced6d0c0
GB50KSDC59912356224970,363777.05,Checking,5ab09a11-f102-4c2f-b885-0a5d11eae52f
GB13KKIW05175183690997,431690.63,Business,ed09e7f8-8d04-4b2b-8f80-5e69d7d3f0ee
GB76KDZU75816907240594,43167.29,Checking,f096362a-cfe3-45de-bbb0-164097d8964d
GB92UHXK98616319302625,236920.34,Business,9fd6f51b-a7df-4bfe-9ce8-587154d85f71
GB71QRQY40756160632099,889053.01,Checking,e3546d28-cce2-48a0-9007-07e259b0bc88
GB10QCHD92372508702447,896986.58,Savings,197daf76-07ee-4a83-b538-d1882a06a664
GB41AUOH82995462254860,649324.54,Savings,3f76c489-12a5-4787-92fb-c7f86adab144
GB18PENP10584649339158,496736.21,Business,9bb4c0b7-b1fe-4cbd-8245-319b0e88ee83
GB96KFLW21992656356443,304044.55,Checking,13c481d4-d091-4b23-8c7f-a3db0665e63b
GB60FPCQ71401819529909,562156.16,Checking,9f706226-7aa2-4cd9-8d76-41319f822d7d
GB83XGUD38235682034372,26894.97,Business,7aaeb8d2-d591-4bec-a828-96a60319d72e
GB33XKYC99038188544176,268357.77,Business,38a6b48e-063f-4910-bd7c-104774929a51
GB90WGTY11939008440354,47403.96,Savings,a569ca4a-86c1-4633-96cb-79826b194cbb
GB05QMNA84616889183119,400303.27,Business,85cfd602-70d9-482a-9209-e2f370aba1bd
GB10JYFF52192966557771,358749.52,Checking,eeabf4fc-bcb8-4375-95a0-0e3f147ac831
GB47ZAHG30629167102536,661001.31,Business,552868a9-06f7-415f-8ea5-84fa804f240c
GB16WDUY76992632587704,333380.8,Business,1c15d4c4-ba94-4953-a5b4-e6c7b6ab28d6
GB39SMQM93269432815841,965875.72,Business,b255ef61-78dc-4153-a178-441f1d218aa4
GB71KWLQ46786415051157,832949.8,Business,6874d82f-04df-4d09-8099-99c367ffea8c
GB98MOSK53817089907948,162143.65,Savings,cb123f1c-ba51-4ec2-b313-47fa9800168f
GB15IEFX15581991219639,370660.43,Checking,2b22c85a-08e9-4e11-b551-7a1c19b8e939
GB64WKSS01592523985155,147637.17,Checking,79c20ffa-2bd1-4fe9-a699-2311ba84d9a5
GB65RZFQ07293173468761,757172.14,Savings,21a9ea2a-6d1e-4dc9-bc20-f0a18e3a1d46
GB45FKWZ18610614458497,872871.53,Checking,6fbcbfcc-ff6b-453f-9382-4406d934689c
GB75MRES99061084301869,91618.83,Savings,a2e42f4d-5b8e-47c4-8e8e-648fbcdbe234
GB76VLZQ63773717235910,399438.75,Checking,6c1da8d2-0acc-4cb3-8491-3117680e5f04
GB47XEUI68862396509105,857763.35,Savings,d5d06721-4748-4458-be55-582f209d3090
GB79HOAP11170835207011,531177.04,Business,3d6ef1ac-a6a8-4cf8-9b1f-704986060381
GB87DATK93233900642009,610752.66,Business,d81ffcef-0af2-4877-846b-c73ef5f29b08
GB47VUTZ29703446558293,315536.83,Business,10c065bf-ae89-4a3a-bf96-209decf9b8df
GB04NEUU49278304223542,52212.03,Business,8278a07d-247a-44a8-a7af-ec23c7fb2357
GB92HIDB68864890060626,980468.36,Savings,1152b98a-d412-40e0-a7d9-21266c1aa1e0
GB56JVSJ43179405217696,895713.56,Checking,9bcbd7c5-5476-48b9-809c-7e37563d92b4
GB96ZXIE48190486068010,789773.61,Checking,d9e12305-22c5-4a70-b0d8-de626296f15e
GB02IKVS27414898957193,760492.5,Savings,b77c782c-1ab9-4de3-9dbf-3bc2e6bab046
GB60IVWW82137265949167,729509.49,Savings,f5be9f4c-1ef4-4294-90ff-d7b9eb5fbf94
GB22PTBV85372530506547,942602.36,Checking,adcb27ef-aada-47fd-8d59-4de8fbda5928
GB63DHBC39886707344760,481595.94,Savings,08e69a98-d753-4434-9b3e-aeafaef849a5
GB38NNZV49356455378773,245848.42,Business,c0df2b13-3b27-43e7-8c68-b778b7410d15
GB35UHTY16565699411639,442360.6,Savings,70945bae-af69-4d3f-8b16-d75eda8f7773
GB08IJXW69822683937650,667741.67,Savings,cd24168a-e16d-4236-ad66-f1dcb67fcba1
GB51YKXG16106134485718,951362.45,Business,58903d70-bf27-4675-bd81-e3d5239b6b08
GB91ACCV06955239785404,16475.25,Business,796625f5-6814-40c9-8e0b-2350804df25a
GB14TBGN72238801648400,19898.51,Checking,77c3a0f4-8759-43f6-9af6-3c7e6be12cbb
GB08TRUX04186103736533,639427.09,Savings,6382315b-8d0a-4802-8e71-48f22f1b2cdd
GB91ZUEC11214127035895,550438.85,Checking,03b2b7c6-f1b1-4e30-8c36-e26301c96d45
GB45MPVG77588112146952,662021.6,Business,84270095-c54c-4e82-92ff-7d716069e958
GB95KLBQ12838047749728,729995.17,Business,48ab2b57-c770-4d3d-a8ed-387b855f4d9e
GB54NFUK50937475836501,598538.8,Savings,663305a1-fb81-4e32-9ece-f0ecfe7e5d2d
GB71JCOA44498304560679,653488.54,Savings,fcc03e85-7728-491f-8c5f-1cb8d4aa41cb
GB64RLJN53314413165950,985629.31,Checking,4ad8ab6f-0b04-469e-acc3-dd93ec2d4290
GB08VOHF50472009803133,905825.92,Savings,2c16ae65-7bb8-4c34-97eb-1c12455273e8
GB05YXPT49545945747520,618408.61,Savings,7448918f-4559-4b87-ae15-605b5eb3311b
GB93PGWH03371000414506,75146.22,Savings,2ead0c05-f38f-422b-bd54-965339a41b1e
GB79PGVZ83503092414049,939557.94,Checking,e5179192-8132-469c-a185-7f80a88b3289
GB90OPER40214187284138,421963.87,Checking,000a8cc1-53b8-42ab-b57f-67ffece86286
GB39ONQZ99470649614473,622175.06,Checking,9fe1eefa-34e7-4b89-9dec-84db9e48e47d
GB28ZJLM16302838186974,184089.94,Business,4ee2518e-f71d-4e25-baaa-5538a2992238
GB43MWFS88302186362447,575349.68,Business,cb999680-8579-4ee8-97b6-a3c3b3bf214b
GB39IJRM16027917047034,880888.1,Savings,830ce8bf-1451-4e52-b2db-3894b10cdf36
GB93GZBN56742723368225,494755.49,Business,b236033b-00b4-41eb-98b4-599b2a65f9b3
GB96JJEV52920204054014,412111.82,Checking,f6c24d13-e00e-4bc9-9a56-569b1d6da288
GB25YVGY38857877733686,277338.36,Checking,578070b7-60f4-4026-a559-45bb2d80e69a
GB92THQM91333397683081,568431.92,Checking,cba40cbf-2a4f-41ee-9451-aa6f55df5b7e
GB53VBIM62758387975159,83655.79,Business,220a09d1-fd1f-4370-aa08-98d124dfe7d8
GB29APEG98657106450904,692912.04,Business,fb7df80f-9a5f-45c5-9b27-1dda6f5113b1
GB08YRCK15389740979684,55038.75,Checking,b8c51583-fcf1-47a5-a1fa-06caaaa85434
GB75CDDG17528917441091,175404.94,Savings,5f28b456-a5e3-4446-ab93-093f695fb8a4
GB33WQZL12444998487990,717741.04,Checking,f25daef4-6565-43c8-b59a-345152034479
GB81LIGZ31699337714681,441682.01,Business,36a4119a-46ee-4216-960c-1d3d9b2416b8
GB62KKVV61850617495336,144680.8,Business,13ab9c0d-952e-4d03-84ca-0286cb212d38
GB17RWGO52026834685412,402786.6,Savings,8b8810bb-8861-4457-bc49-390d04499a83
GB63JTJJ21715951922573,212280.36,Savings,78bd3285-840d-49ae-b275-a4f389d0d54a
GB23BRAP89576363573964,249519.05,Savings,539ae368-3870-4e1b-bd37-12273f9703c1
GB20MBGU72420424497999,618322.2,Business,ef586c82-8e6e-448d-b115-37278eadd0a0
GB15EOVJ83740792193533,128930.01,Business,04ae81ed-e252-4faf-89b9-a9dbc4dd4448
GB71PMIN87444486933561,346709.03,Checking,52ea333b-965a-4a3e-8b75-76c56b82643e
GB90UKWH49800924651850,338222.07,Checking,5643b508-1b77-431d-b76e-a2ed549141d4
GB39RFQL17684349852656,521492.67,Checking,ea7f69a5-921c-4ef9-9570-7c6006e36cbd
GB52QFCV49177027552700,643256.51,Business,8eb2db8d-f818-45eb-830a-f224c139a8fc
GB33MIVJ57568265138197,202295.5,Business,5f343057-06cf-4ff1-8dcb-938cde5f10dd
GB95VKCN88850732731937,115152.93,Business,b45e1c94-c3bb-419e-9ad5-74b2c380d041
GB54ORAG17548151671577,106073.37,Checking,80899027-972b-4cc7-97f5-02373eef4494
GB38TZMS95193855455743,345295.17,Business,c8beb595-16de-4830-82df-f0f1942635d6
GB70ZGUU04203296722762,878534.0,Business,1e79560d-c457-487c-b09e-9bf9d9fb84a9
GB20PPNN24650503078026,819160.12,Checking,7a144eba-1a7f-4272-b4c2-da7e126e095e
GB45XUHP07211021201439,386770.6,Savings,020684de-1a38-4295-8dd0-c4fca84cc79b
GB61JFXN71610172013096,474570.76,Checking,86d7c93c-79f9-4f32-b997-7bb81f8dd0a9
GB93KISY45081317246886,141508.39,Checking,f714c26a-6ca9-46c9-9c72-2f79b7a36982
GB15LPJZ24364638488880,84410.49,Business,e53d882f-aefa-4b88-8bbc-08e15391614d
GB85PTZX86963058412223,171699.37,Checking,b5109448-4ccc-4f38-a1d5-0ba2a06b512e
GB47QQSE53973363159200,853061.05,Checking,0d3fda4a-00e3-441f-9151-ae4693a88680
GB40AGTY36177496535822,77080.0,Savings,b0b53220-1390-495f-b8cc-d5b48965ee37
GB85SNVO93379406701084,217863.79,Checking,baa05553-5855-4f21-9481-098f354e8d1d
GB61BWWE59309670042104,803603.73,Business,cde3aeeb-f7c0-4e1f-82ea-20a79e8161a3
GB63UUPM79728156568636,658114.05,Checking,aca6a314-4443-4ae3-9152-c8544a1dde15
GB93CHHT21609011954324,578343.72,Checking,f4eff784-5c09-4621-bdce-e9e1a7dd198c
GB64GCXR57528433218307,327519.17,Savings,35b83c32-bf8d-41ee-b0d3-be45c2823319
GB44VJNJ72157683486753,689763.38,Savings,3642a4e9-7f5b-4cfe-b2a8-bd2543d595b6
GB06CYME84704500232029,150517.15,Savings,df0f419c-88ef-4622-9f94-19e1743cd5aa
GB08RUIH13904440666601,533603.18,Savings,7ed88680-dd98-422a-80ad-e13363c8825f
GB03LZSW47241089882895,311374.38,Business,2824ee06-b1ca-46e8-96ad-b09d8ca09570
GB66WHYW12648395438530,448471.27,Business,856d670b-a31c-48e6-acda-923475fdbc69
GB83RNAA96906898379818,401844.15,Savings,53e47744-6288-4824-bcdf-73fb27eb9068
GB08BTWQ54316913205599,106934.23,Business,bcbf91a1-989d-4026-b2db-11a09c920b02
GB16MWYI33654506187578,466662.68,Checking,364740f2-7d76-4a7c-abe6-3f0b962b0cc1
GB32KLTR67316565079174,137660.86,Checking,d049bf05-4671-441a-99ce-2507fd8a5b90
GB80LQEB61357202998622,603142.74,Business,330c1ed6-0277-4abf-b27e-72af0f1d8248
GB82SVNS19303710586460,838235.82,Checking,a7a0ac4c-ab56-4ae6-8aa2-27f2c2d4eed3
GB81TZQR91668557927311,131868.13,Business,a45fa193-7eac-4b15-a377-471dd3ecf1d0
GB64LRXH19534533558834,386161.64,Savings,ad8b05b2-1ecb-43cc-98a6-d416c3b7c313
GB15BWQV08424802492797,958963.39,Checking,1420fbfb-85b2-44fe-9781-74d341a5ca80
GB96IASN99647035981619,25839.59,Checking,ce8a45e4-ea5c-425e-b614-ff7265b24b07
GB59CQTK15676582661381,731312.3,Savings,42c75070-d259-4e0f-be09-8c8f76f0d569
GB29HTIT72264906102274,939328.11,Business,d3dec6f1-f856-4e3b-af92-2b3624ce28a3
GB71NWOF06796110788730,403569.93,Savings,6095a8be-1baf-4106-a2de-062a9527722d
GB24LHDC52462811810254,984675.42,Checking,9eb40c57-2f1e-4d5e-92e9-73a12332a16b
GB20GNUZ59461584107440,756519.16,Savings,3141ba85-09d8-4b29-8e24-0a57cd1da00a
GB92WFWF89885844748429,538301.49,Business,b36878d0-dd17-4a0d-94a5-027584931cbf
GB69JVME84591817299654,758463.74,Savings,fcc002dd-5aa5-469f-ab55-508eca580484
GB65VDIW88331497777582,395959.59,Savings,31c9cee5-c2b7-40b9-b03f-4b723080cf57
GB41CLUI30570202399634,516669.6,Checking,9108fd32-dfdd-4741-8448-45002f428bcb
GB76AFYY17442014099527,913221.38,Savings,44fcea96-dae4-4fc8-a10d-ed2c400bf404
GB63PBHA69268381991229,843028.78,Savings,8a4456ca-cf7e-4c5b-8952-619a3590ab26
GB65XDUR35856386781632,445909.43,Business,485ca745-7649-4806-831b-8b2295c6341b
GB17OITV58287092268596,758388.02,Business,54900866-39b4-4f78-b68e-954f02203e94
GB29PIMT86455217187065,808138.07,Business,eda47447-926b-42e7-b3a8-fe654556dba8
GB40QRRX98556625637767,307699.07,Business,b860ef72-d6ab-47a1-8cba-98c6d54d4d7f
GB19TVEE80297302599707,507118.93,Savings,65794d15-aa32-43f0-b69b-f8af03f1ee3c
GB14DDXU28378855087361,928977.1,Savings,3eda7110-f426-4454-92a2-3720982197a5
GB67OLIY99604913193963,345563.1,Savings,e1d7c8d7-b788-4fbe-b776-6003b1e76f54
GB35UHKS85913058979759,486675.76,Checking,37226f42-8640-43bf-a6e2-c338591a3c86
GB47OAEI39205891789835,41566.85,Savings,a1834649-3091-45cc-a351-a729a20be90d
GB44AUKJ99233544838258,960327.23,Business,7109d899-13a7-4792-8968-0ca669f21408
GB91YXXE18158243592917,365195.36,Business,6b6d8908-5b04-46a2-b595-07b781e16c38
GB89XXFU85034421626408,81888.64,Savings,93d407b2-ef29-4a0b-9f74-731b93b2d66f
GB18EUSO83681255465839,794802.66,Business,ec7cdfd1-7995-4b1b-bf14-449685223ae8
GB09RXAI38356756797053,810104.74,Business,56d6b347-f18b-4e64-b328-fcbd13279e14
GB76LPAR70390053672386,762961.05,Savings,3104ff8f-a5f9-4c8d-9e86-f59edfea1600
GB79URWD25627864900123,191945.53,Checking,d3ded349-2dad-40ba-8b80-46f08ab8fc94
GB51UVGP54246684025270,432273.3,Business,4c0ed579-3d00-439e-9156-c932e2e19a23
GB83JXAY73732063976368,624585.05,Business,d12824d0-24aa-4c96-b1de-a7d512973875
GB81DXKF86874899919400,834435.42,Checking,9188b2d7-8ea4-4e99-992d-6f42c1e8852c
GB78DLAE75444192378207,772738.82,Checking,a1c89d49-3fa0-40e4-a459-f174a3d84fc0
GB72DFUH96353160573776,571835.72,Business,ada0c125-1d41-4ee6-905b-9916dfd72af7
GB27VMCY21409515757476,633372.51,Savings,abaac71c-0b8e-45b2-b9c7-b8ef9ed4c904
GB10EXQZ42074677292445,140204.04,Savings,c295e947-d274-4f03-b937-82c71ba8332d
GB82OJEH32688452531941,497367.68,Savings,ce7da7c0-eea1-45cb-8e1a-ec6074190cb4
GB21SCYS55170755220116,827878.74,Business,0d326af8-7a27-45b2-91dc-9c68b17a16e4
GB66QDFN22426569400455,517306.56,Business,5c4d8768-271f-404b-91cc-d8674f1a8088
GB69RDPV95623467273447,108833.79,Savings,8b031c47-a350-4a81-b1d3-34ddb0cdbc78
GB35LHTS18635937697327,524547.86,Savings,cfa37285-2865-439e-8a8c-d886c530480e
GB29YBQX73998266232814,658105.18,Checking,941ed134-a754-4c47-a72f-194da11c93ab
GB73CWAV90775624808237,712416.33,Checking,41bd0816-7d86-49ae-a6a2-9697e2796eb6
GB23DZZO57952342623460,942344.56,Savings,3f6876c1-2df3-4758-8314-a39b164fa324
GB32NELU80071477130420,407206.49,Savings,f343bb9e-3013-4313-99ac-55936f298d97
GB55NNVF82788613610771,644272.28,Savings,1f5c1d26-7952-49a4-adc0-8613e92646d4
GB14KLLD95336731224912,533250.88,Savings,b2d2f044-10f2-464c-bc8a-e9d4d2cc78f2
GB12SXOV37707923642303,579813.43,Checking,3e3592bc-8023-4e65-9124-c1d8c6060ac2
GB42EEAQ75768979840913,55671.58,Savings,2bc42474-9d01-4321-b63f-c33677036814
GB02NMLW22352683216963,371733.0,Business,e90ead0a-4e64-454b-a5ca-33349ee9fdbd
GB03UOYF93729472348658,429853.61,Checking,add60c92-d5c8-4884-be91-2a22a05fd40a
GB49PTWZ41239539911248,459135.97,Checking,88e87336-68db-4567-b64c-17045d781c90
GB02XUCO74807716056116,404375.67,Savings,9595a086-1304-45d8-ae0e-0086e0a8a1b5
GB14RCSU01494445983055,10853.43,Savings,a52547bf-7008-48ca-b575-7c164d9073ab
GB80DXGG33023884686016,787544.94,Checking,e6ec0c56-3974-44ac-ace5-ca34fa9b80c4
GB56SUSE76186230707170,883281.93,Business,27e128a4-9573-4aeb-9912-fb9d723a1368
GB16MEMQ97671341835227,768042.38,Savings,d1367fed-214b-42f5-850e-1610a63ca9dd
GB80UIFO96273876109095,42150.85,Business,505bf795-cd00-411b-aad2-7793a1715f4e
GB89YDQB48376325342379,282080.23,Checking,425328ea-1dcd-45bd-a89c-406bcfce6e34
GB10YVIG84957114689159,103362.57,Business,194e08a4-4240-4eec-805e-d921ce1690ba
GB43OVXS87461256775299,500479.68,Checking,0ae80ec5-79bf-423c-822c-d25bd277bf01
GB89VSKC08617629825081,536220.76,Business,1acdfcae-c6c2-4fc3-942f-efb9acfe4664
GB64JOIN96530641380569,353436.41,Business,a465607b-824a-44a4-b451-f918ad566f09
GB81XTYS90067024732862,966701.6,Checking,16a6a0e8-d76a-46b6-b563-1954d6cbd67b
GB50TCVL16990626805724,775060.18,Checking,f844de4a-f642-46d6-8236-6a115b6bb60e
GB55LHRV80562173227286,177559.01,Checking,97ca2256-ff66-498e-b3c7-c83322c9e7e8
GB36VVIP19390431823070,324881.66,Savings,b1444a9e-a1bb-4c32-b57b-a6e317a33dac
GB28LFVO29630989938241,346684.67,Business,73252ca9-fd39-4e19-875a-bb12a03c08ce
GB94OCPY29030051525702,387343.61,Business,c1f1ddb5-bc0b-4235-8863-ec8c92e38d60
GB97ZHWN31488306244069,403684.51,Savings,e133e099-be9d-403a-a6eb-9ea76d861729
GB13KIBG70433931887510,749043.3,Checking,72aa9ad8-8f82-4aa5-88b6-504329ddef91
GB65SPDW09706805496184,579092.77,Business,fb47e052-fd74-43b3-849f-25c7a4448e7f
GB84IWWS78581430151179,205963.23,Savings,402d1760-1744-4349-be05-e50fff898674
GB66WIPO12993995909879,968837.75,Checking,aa70e259-e141-4d74-acef-519e32a7ebfe
GB76NIXG38752688720312,194526.07,Business,3da13fe7-142a-4272-830f-82f2cce55812
GB18FRDH74928005415890,210035.45,Savings,eefad3ad-adef-4d7c-afe1-5e54e3ce257b
GB52UMBV11526523421110,444404.14,Business,f1ddc6ad-2ac1-4d0e-be61-c656c65ae4fe
GB85URSR76617179541677,242617.02,Savings,3d41769d-ebd2-45cc-964b-3577ad48f829
GB85PMOR98959503581981,65733.97,Savings,099a34b9-4013-45b5-a6db-350e29d64d3e
GB37HSVW20672761052284,655943.28,Checking,eb1ca2d2-d83c-4fe6-9c9d-30d559cbf2b2
GB56YJJG00708815021827,389606.44,Checking,5b08d24c-3357-4220-b7fb-02f7af409c2c
GB54BZKO95198668971137,1340.03,Checking,745ec611-5d74-4598-ae53-77625808aed8
GB80GGQE60076403043045,15850.48,Checking,60404faf-b17f-4fde-b125-cf1cc5b1fe39
GB69QZQT94976936277934,745361.17,Checking,ffe05811-a202-463e-8161-9017e34f7c9e
GB78JMJJ92228002855051,333217.18,Checking,d3bacaf0-cafc-433c-9874-a6c449f9d482
GB12RGFT04844934425811,207635.65,Checking,0ca1534a-244b-429c-8b59-dd02f5b477b1
GB50UVIU96244977501508,609288.98,Savings,073340d7-6c49-46ff-aa44-8337791cf133
GB63YPTD76412593388469,232502.26,Business,f3c593d9-49c2-4661-b896-30afe8146500
GB87SNQX48197874162407,591.11,Business,638dabbc-b3d8-4edc-8142-3dc611266756
GB14YSMT82512820152928,919311.16,Business,a528fd31-6012-473a-9602-95b3729c7cdc
GB19YMRO80461923116684,650781.11,Checking,73d0cd15-3ba8-4a85-9378-c3e43e3e57ca
GB84YPQE67929465485520,359893.7,Checking,a84e8419-d560-4655-8292-26f1618cb2ac
GB21MWZL64803913801423,657871.3,Savings,05dc1d96-0773-4cc8-8a5a-c4a4297cbf32
GB27AYGQ69300686973250,978203.3,Savings,56837b8c-8f0f-4df8-a6cd-0c78597e44d6
GB53SGPE08333789797889,373588.44,Business,9f7bbc96-5767-4a9f-98f9-35ef609424e4
GB79WTHK37125161459828,771118.2,Checking,ea04b921-2e24-4377-9d95-53875bb6e9e0
GB22QDXI25189833299520,430160.9,Business,cbaa6e4f-1321-4e7d-9346-d05ad3598d5d
GB07QNKD48038380626198,165472.91,Business,3fcfad15-8ec5-4988-a6e2-9a916c51abbb
GB34EMQI61678979325654,694649.79,Checking,8ca7d77b-a699-4403-bd72-cba3bb0e33a9
GB65ZAVK54772579913490,658864.67,Business,d8e9e65f-9435-4cda-be81-9bc4d542c8e5
GB06QTUO95418047586287,569432.43,Checking,3673b302-428a-4f0c-900e-b60aa39cb0fe
GB42CPPL69366657721621,819354.25,Savings,a7058f60-1c79-445a-b4a3-db1f6043d2de
GB39FQSB38399537469008,924372.12,Business,88aa0038-bfa0-42eb-a18d-2929162056e2
GB40KAGM61683958036078,208128.18,Checking,e5eb71b9-8624-4bbd-a05f-e5908c477f6a
GB08THBZ48456534729155,245079.76,Checking,84c771e5-4125-4936-921d-2007182952fb
GB08FNET52737267544773,726339.95,Savings,0cc1c9bf-10ed-476f-a5fe-10ccbe961a28
GB38FBRL18440374178341,251630.25,Savings,560e64dc-7677-4d76-b489-031b34588e32
GB64SEZT94126535294763,372545.51,Business,c2b3df2e-89c7-4444-8449-9bd9f9539a45
GB83CURV60359358274488,989822.04,Savings,63beafde-bbf2-4104-a40d-77bdd38c777f
GB34NNCN33631193401238,799481.77,Business,f177b849-f4d5-4f1c-b1f0-512f752095a6
GB34UWTO92148315540335,649530.01,Business,fd321f19-da5a-4354-8518-0f150496c919
GB43SPSG64954179190848,617874.33,Business,cde54b1d-c6b8-437a-94cb-23c999d87573
GB62GNDC31898649453323,887339.5,Business,ca0010e7-958b-423a-9f78-bff03f1726fe
GB15RDUL34726123778078,113106.87,Checking,fe748610-1158-40c5-8fad-f884cf4f46ad
GB03ADAO36842137612846,780175.08,Checking,b0836cff-8235-4083-931b-11721725fd61
GB45KWEV65094239041003,296769.55,Savings,e6cc2861-4739-4c5e-b904-30ac36c3719a
GB67QAZT53911147968486,633150.96,Checking,86abcc8c-e318-4095-a962-6bf800038c5f
GB18GXZG21872183202745,395613.53,Checking,41f0940a-7c15-4af6-91d9-3da96a43c8e1
GB04RAGD17400029847075,809222.19,Savings,1956e60a-53ab-4ecd-ad39-f8620ca345cc
GB25PPFY15969531025278,10979.88,Savings,cfd30c0b-544e-4b97-8bee-a75644db2d0a
GB66OWLK22905614649207,286824.61,Savings,42e78c6b-3328-49b1-b2c5-2994c9687841
GB95QTEP54859961353032,101900.66,Business,6e837c96-4104-4fff-ba90-16561be64567
GB16AYEW11564901717321,356527.56,Savings,b2cf180c-18c8-428e-b73a-85b41b71658d
GB29UOMM19865821293596,632912.54,Checking,9ae80b7d-95cd-4adb-855b-638c3237ebd3
GB56JARR21699735724206,482551.1,Business,4f771504-a33a-4945-83e1-ae167f2d50f7
GB40ENGF96663581614326,262679.97,Business,e9843543-3cd8-409d-b11d-fdb5b63377b2
GB30HSXG99189108615573,24867.97,Business,97c83c9e-c4d3-4aca-8a5d-8a32834cf852
GB31SZCD45415916315638,604860.92,Business,eda27fb0-9d92-49d0-8c29-0cf6565b2c11
GB50GLCJ73508006498613,603172.49,Checking,91e101a8-8306-419a-bffb-b348e38ed701
GB07HOBA81465455357478,951250.03,Business,2e0a15f3-21b6-48b0-87d6-19921186fe80
GB71SZUQ24216647109360,624837.05,Checking,11321a62-7ca6-4cd6-ad55-c09d5b25ff2d
GB35IRSH48551457644881,546361.48,Business,c905698a-7709-4f86-8451-9e0039d6d2a0
GB61MHBY64969427324636,210028.49,Checking,78639532-f24c-45de-a207-38202f36be6d
GB40RFQK78154234229402,2406.46,Business,7d511368-03e6-40a1-82ab-40d96a2bcb37
GB15NCPC79876827500494,914047.26,Checking,0150dab3-c13e-4bae-9b55-8bc05c63a385
GB37QQPO70607510511884,639084.58,Savings,77773ce8-0871-439e-9394-7d69e65ebc8f
GB96PTHV12030255612518,387722.32,Savings,bbc919ef-b16a-4c8c-b8b1-8bf7d2b0dd39
GB16NLYU16946374493025,392729.67,Business,b7a1c24c-a3cb-48c0-b82f-03b320c45a4c
GB48ONCF30766623172566,72683.54,Savings,417f1ee4-a4d3-44b4-b011-674fbbef3455
GB24FMHE48878487659003,963025.05,Checking,16d1dbd9-e7fa-4104-84b7-c2a8db3cc2d6
GB20NPVX40614413280402,297590.07,Savings,17317b77-c2d8-4dbe-8b6f-af0780a6a4d1
GB03LABR44132761534397,30642.37,Business,6af1ffa1-3ef2-46c9-aa7d-0ce3ca2f1c23
GB60ZMTG73676129616815,305286.27,Business,f6816103-4690-4297-a0a5-0472b70c4148
GB13WLGG42364172233527,372392.01,Savings,40fa849e-44e5-41a8-b325-5ee85511aec2
GB41NAJH41677319141386,308111.81,Business,56a1aa14-1f72-417f-ae54-36b877ea8c0d
GB40VMQM74169440752129,148074.68,Business,9dee448a-3c54-4c25-bbbc-f1c7f2239365
GB07HXII32312304928208,663694.81,Savings,f6f69c24-ecc8-456a-bd82-dadaf64a4b61
GB68RUEP99052993332963,622811.04,Business,307aac6e-7dd8-423c-ad51-26ee801286fc
GB76NKUC85765131421021,515735.6,Checking,929e195c-1e45-42b4-b1dc-4443736ec9f5
GB18OJEB33897340935030,893621.72,Checking,4cbd9725-1e03-42c8-820a-6bcfb57ec866
GB93ERPC37491062634749,639680.85,Checking,21f57637-7e3e-4fde-8829-f16f746638d7
GB95JVDY07524300068996,516301.16,Business,689bf71d-59fd-4680-b503-5e574c6190e1
GB89FWJV20601587026164,395152.34,Checking,f40f605e-0be2-4da7-9fd6-a15e978523ec
GB05RUHR53383471508210,764800.26,Checking,d6777756-eeb2-4d3e-a530-53fc6ba8d339
GB36PPNX45541355804182,705444.93,Checking,47a99b1a-32e3-4932-bf1d-c887fb73573c
GB14TFEL05656587236178,980838.48,Savings,7c8e43e1-679c-418c-973f-6f57742b9470
GB38SBEI33990363532266,123684.13,Business,561d138b-fec0-44f0-9359-d1512b4fe972
GB55APLH47059435158980,391357.12,Business,048acc17-b800-4f3a-ae86-710e5150c549
GB88UMGD81202225274581,416433.08,Business,8a43d122-96c1-40a5-8570-58fe8fcfac45
GB33ZZBT84662405899075,74425.47,Savings,0bc82dcc-5a18-4cf4-bb34-036020c21732
GB88FEIB21354594119806,974500.0,Savings,1e6612f0-dfae-4709-94f0-341b1bb8e6dd
GB12ELOH21973297761560,647766.49,Business,9bc73524-cdb9-498b-b6f2-fabc226e9a47
GB59SLWW96950001372612,858421.25,Savings,126e5b49-007f-4fd4-9011-75a8944de5c3
GB28OOJD62126922150064,783641.94,Savings,64935e70-25e2-4d7a-bfb5-252546ed0945
GB84PRHN86347884550932,616194.11,Business,46137fc5-6d3f-4391-a29c-25b7fd43a6f8
GB58SDZH10240580119426,138045.73,Checking,2c445c99-b9ec-4a5b-8f57-532ca06142ba
GB75SJBL74208967105749,4262.61,Business,cab410c4-35e5-4c26-ab10-efce3f10c524
GB43UHKU27323437912211,247799.2,Business,1734a0ab-59e2-4b7d-9784-477f1b52c541
GB80NSMJ37532074494012,358798.54,Savings,31e868cd-6110-4404-9884-5c73a237ad8f
GB96JNVZ60680171038636,434748.5,Business,5cc092ec-687c-47e4-b982-771e3be996e0
GB10FKMY59345056101974,48349.65,Business,21083bf6-d58c-4fa4-aabd-29ac753ca921
GB92DFRI07069225394810,682339.53,Business,640e3134-1344-4be8-bf75-b04b8a6e054c
GB22DJNH84446154161074,275073.44,Savings,683b7cde-c59f-4f94-b54b-25107f601be8
GB83RQIO78413220170326,519369.98,Savings,f45e413b-c7fd-458c-a075-5af800f11a06
GB56YBAT75535370082921,213354.55,Business,16fa3f9e-aee5-4240-a9cc-8f8eb107a623
GB63HEZB24206962397824,707508.03,Business,3e2c6288-e248-4c67-b756-ca0db6b0c063
GB59XPAL46955789095805,974640.13,Savings,7a501bb7-2b2e-42c4-b194-730e5d781881
GB12HVQB89855196016502,617703.66,Business,62d5e7cb-2af8-459d-9b57-1e0c0470e96f
GB07BUQR49490932858298,227720.14,Business,5e6abd0b-6fb4-404e-a071-7a79a9feb841
GB59QETJ52590239822165,943704.53,Savings,2e1f1a53-ba1e-46c0-9038-edeaf172b3d5
GB53ZAYB05004484555669,230184.74,Checking,e7efc68a-278d-4977-bc2a-275a5d2acc49
GB76CSAT59438098780274,979644.52,Business,37284065-7042-4376-83c1-da59ab861b5c
GB96QIAP41239116796486,548761.69,Savings,278cd944-e2d7-45a3-bdf3-5591f7841861
GB37ASEH89230664948825,268947.15,Business,190b5768-cf94-4b2e-b0e7-4f29815018e5
GB43VQLH69601184063246,750687.82,Checking,9690de6d-69d5-4756-b033-8da02d22c523
GB49UJBY80211626285780,615342.08,Checking,0a346978-cdd2-4bc5-a777-604be8fb0173
GB52KZKY25468287009831,267296.49,Checking,3fc6610f-4980-473c-9a46-ae2e90a5de78
GB83FPEF90366287776776,280472.91,Checking,d4c06996-5600-4fd6-af9b-5a38ab81a21f
GB96QHZZ19857233494392,359771.15,Savings,dbcac637-94a6-4531-9df1-928eee21194c
GB84NCWB58248448616284,982610.26,Business,5cf49091-f6f9-4fd0-b38c-da8b746ffcb6
GB83VIKH93331696128848,565638.72,Savings,ff28bc16-41fb-4dfb-831d-1aa78558d054
GB33QEVA06426934842943,90819.09,Business,951feac6-355b-4ad5-8efe-1cc357763dd6
GB17YZGP51036110435537,435232.45,Business,17c92042-df48-40f4-865f-b119d21fa125
GB38GMIH78117335099697,474197.92,Business,b432a47f-4cde-40fb-b369-22359e322108
GB19OFRW15610432952681,737742.81,Checking,24f48f17-c393-4553-899d-957d195ab4ff
GB19YJCV48190370087092,565934.67,Savings,3c9e9bea-868f-4689-9d13-2bd33a22fb52
GB94KJRM36939158169310,365096.29,Checking,4827fae2-5d29-4b7b-994b-72e7edc2a1bb
GB37JJDT01094353361894,578887.57,Business,c1193994-6c50-4f02-8562-ad85f658ef67
GB57MPMX63557870183941,345461.7,Savings,060f436a-762a-49ca-bf2f-30f83554a0e4
GB27LLJU58659790422526,118512.25,Checking,2560191c-1aad-492a-9d22-8f89669c28a0
GB96UDBN44056744541456,823216.26,Business,ef8b5b25-d564-4fc2-af90-dba996b95e6b
GB27RDQP73978240978009,790756.66,Checking,079f98e6-aac8-48f3-ae69-b0f47ad536bc
GB94PJJS54702257763756,693904.11,Checking,a657b02c-32b4-4b0e-904e-3d4650782388
GB85OLHI29308030335744,335890.53,Checking,fb492f63-45e8-4152-b30f-1b788bdf7b8a
GB65BXAM76594198343071,813974.11,Savings,9731ff4e-25a7-4769-8111-8e0a4ff2af0c
GB16YKFA00565443380340,726957.7,Business,aca5b29f-9939-4f56-822b-6e74d7573d35
GB08ZPZZ73592158064502,358935.82,Savings,ae7e275a-0e8f-4807-b47d-37cd3c1b4216
GB61LCRF20322841329459,572730.68,Business,ff3269fc-a158-4c2b-8779-a27a723f40bc
GB36BUBP67847454665165,479659.02,Checking,28c227ec-490f-4051-a2f2-c9671af36e8f
GB45CTFO50000950561382,247553.83,Checking,81dd8ec9-9c59-4fcc-a6db-0a4f6708e6fe
GB95XPMB77181835916583,300386.3,Business,24895de3-337d-419a-973d-7675f9488518
GB02YIBS85500530078855,872197.97,Checking,7df41604-c2d2-4f8a-a70c-1da957be6782
GB81MBUK83651887083099,619960.14,Savings,b44ae9d6-394e-496e-8af3-015fe7113762
GB97MBDS02502561284980,287454.08,Business,92e339fe-9985-4c4b-a6ec-a95bbccb6b80
GB52ZDJL84968727705272,985034.94,Checking,ed4c0d20-11fe-4d25-bae1-031f1d14e822
GB82ZGXS01596979466355,668618.8,Savings,67617438-ff17-43e4-a031-c55e0e0a0d30
GB50ECIA66586273722857,117929.67,Checking,f0756b8b-bdbc-41c2-8770-949d6a9fa2ae
GB14KTFI30081330174886,645080.71,Checking,096bdcba-8e95-4ed5-8c5f-4fc538eae02a
GB11SJCO01142826701485,931999.14,Checking,cb926263-e37c-4055-8b5b-8055355541a2
GB04YGQA65663518160357,481867.77,Business,8db09a49-40d5-47f9-9df7-46466686497e
GB66LDCZ98456301719200,145312.76,Checking,c4d96bd6-6089-4a33-83d9-35a39e09c088
GB67CVYV90198260534916,179505.7,Savings,412d0d97-173d-491c-956d-dc4d79d316ef
GB71SRRX58282567983237,406185.03,Business,8d3dbbe3-2017-4c83-84fe-bf73b1367449
GB16GVUG86424079053159,664219.86,Savings,eda054e9-10cb-406d-9233-f6a2e9cd8323
GB27ATEE53627293208448,100506.3,Business,7b80b6df-3752-4dea-b848-925cb3054b53
GB50FYIS98971053786103,184284.03,Savings,75efe118-6e41-48f1-97c1-931b40baaa9d
GB50ZGGF33271861829249,846370.61,Checking,0cd62061-a125-4a13-9e08-e886d9c9d3f4
GB75BPHO44437082222377,704851.72,Business,3aa62061-1ccc-494e-8f5c-c15847beb762
GB53NPUM43819231101125,140653.33,Business,74ec6acb-4be0-4f7a-b185-c18322bfe88a
GB48AGVD30834683663228,846223.56,Business,d047e46f-c892-40f5-9bc1-868b6eda2238
GB36CVPU79819023688663,345487.46,Business,a44e3e99-853c-4998-ab2b-6384d386dfcc
GB50ZUHX74812724397895,230900.11,Checking,82ff3613-e874-40fb-b88e-92bbc12653df
GB36EEIZ70564453809735,864593.39,Checking,55962929-22b6-417b-beca-d922f8b219b7
GB66RWKH12503549420498,541654.09,Savings,50d097c0-d372-43bb-b749-f469f7346fcd
GB39NAUT30563035021733,880241.0,Savings,6a098cdb-075b-459c-b072-1f1bba843224
GB21XCDO94315453217883,860504.62,Business,d358aca2-8d46-4dba-ae49-9b331de446bd
GB95DMUC87023047549119,429408.65,Savings,c67da7d7-b751-4100-af6e-87f603b4e880
GB17PGLZ69288683711739,114751.29,Checking,3ec4583d-674d-4fa6-bf45-d5c1ea1d0842
GB02BXUE44183539587794,645736.42,Savings,d0e0e339-d139-4686-85b3-22bd3936bbe8
GB10IVGV53800265419121,58224.58,Business,f3b4d8b3-17bc-49fe-bdaf-e35e5c78fb0d
GB90XOTC79796499432044,532652.16,Business,301782ff-6aea-4cc6-8f34-e3eb8734288f
GB60KPYN19722090526128,280503.23,Checking,d90029e3-f3cf-4d65-b83f-3a4f4a68c4b2
GB06QFOH53418714394663,657344.98,Savings,151c5aef-7f95-47ec-958f-44a2880d6b54
GB25WVON85211672552070,96564.33,Business,46e057f5-fe07-497f-afe4-c1e3d1fc1f69
GB83DMMW14686111715070,129784.62,Savings,bb981809-81c6-4c5d-9ecf-e8810fd2e53e
GB47CAJZ73421678306930,293306.71,Savings,8792f850-fe1b-465d-9ae5-0ac6d5bfde42
GB09OVLI95837558703273,815532.88,Checking,b26640bf-18e6-4af2-ae1d-504a051c4e94
GB90JLGH57985733650956,525351.97,Business,73a14486-8f4b-455e-ba4e-3d55e9aad082
GB41RXMJ17742858384898,251521.05,Checking,9217750b-3b49-4ec3-9ac2-f8345bbbc61e
GB05LEZM96823697157470,541005.04,Business,f0c17293-b458-462a-9680-1b44bb65a146
GB55HOLU08596158414723,419329.58,Savings,38b66761-4775-490a-af00-4d1b053d9711
GB04KNAA42588454887304,301975.25,Business,ecfba852-45e0-4d16-b671-ea6e4d9f891f
GB32PNUV53400094672761,209595.87,Business,0de2e60d-5311-464a-8639-31f96d2c0aff
GB87KLZA82680835695587,193488.39,Business,3ac5f35b-b130-40f7-9fb4-529ffb71ea5b
GB82IFZT83288290471434,494340.05,Checking,5f7e013b-eca1-4302-9806-80124a390c70
GB49EMBR85522126524080,248212.42,Checking,e6134c44-46e1-46ad-872e-a9501000cdcc
GB15GKYK88329660355031,631700.15,Savings,4fed0a61-8d1d-44eb-b35a-ff9e0bea5686
GB75YVRC50424567733452,104935.66,Business,b79319ad-515f-43c6-b1ab-52ec49515e85
GB34JFGT26035197377950,177503.65,Business,45fa51b4-dcb7-4fc3-ad68-7cc044fe6fc4
GB57BCPF01380334969381,864138.0,Savings,b8c0fd77-0bdc-45d6-b08f-3da9beed519c
GB75ACWK53931644488065,908159.32,Checking,91d1af6d-3940-4eca-9866-3f684a7d8c24
GB67ODYQ72418211499028,542411.14,Savings,009d0069-84c6-48a7-945c-5b2407de325b
GB37SAYJ32835784622518,566805.0,Checking,caf1ec29-f6a3-4d78-baf5-68ce9c478481
GB98MJAV58097774532384,284609.91,Business,d1df9acb-b7da-4fc3-ad3b-6bb84cc224f3
GB13ZQXT44953999110871,341360.01,Checking,6f2b69ed-d14f-43dc-b778-0aceb3cb99fc
GB22QACI46120242856789,214785.05,Business,a3708535-7832-47cc-92d2-a51a7028293b
GB10ACLT91494769019164,285651.08,Business,043d305d-3591-40f8-bda8-3d4660ec7fbb
GB84RHKF67878670655630,679918.44,Savings,ff753156-89b9-4fd7-be97-4cf1a099ef4a
GB70PWXX41321709190804,740069.41,Savings,a41ac05c-5000-4c70-b980-1d889ac6e28e
GB43VZQO74674258999874,662192.82,Business,2c0a30ba-e739-4c73-b76e-00c4ce8ec96c
GB05BVDQ15391587866695,701923.35,Savings,ef39f688-d75f-4435-bca0-31e1c7eb5408
GB26EWRS46287214276662,491415.28,Business,1871ce12-d5e8-428e-9117-341b46dde641
GB87ZGWO07475119622971,368049.59,Checking,12fd8302-510c-4c8e-8751-2248cb9edf7f
GB40HZFQ03079752048176,108518.68,Checking,5c0aef38-77ad-4cbb-b818-295e5a3934d7
GB75YCBU26447289575198,874220.2,Checking,5e610d92-34e9-4169-bd3b-277d4f435161
GB94SEFF74759393245761,388683.74,Savings,7456da8d-fef1-4b5e-91c7-7a71db839ecd
GB72BGPA30881468873295,76451.89,Business,8350abdd-d80b-4bc3-b3c7-7cc6cb219be0
GB41WFNT60764772924578,690973.79,Business,797b51cd-54ab-4351-b85e-a9910371acc3
GB98VTGR61339454119562,632346.56,Business,99efd7b7-2b37-4f11-a510-cd1210cc2edd
GB92VXRF44747646939336,183940.31,Savings,c49034f0-3924-4f57-a3d9-c478a5556d06
GB38VJMJ95462587427749,728469.11,Business,53e88d86-54cc-4500-a2f1-d819b0d9fa45
GB28OAFI87063539027308,538138.75,Checking,b4778425-c5e5-4526-8172-81d6f6fad244
GB42XCFI81363885679965,809624.31,Business,2da0dfdd-fe78-4fbb-97d1-d21113425cbc
GB44UPDY47527857075784,906691.54,Savings,cb46c502-7b84-4b3e-a0b4-5d881dc42340
GB36FWIF97059044704160,134286.91,Checking,ea8018cf-0975-4559-8395-ae76a8bd6c05
GB25JMOX01930294768484,883507.82,Checking,ecee6e84-6cf5-48d2-b166-d10b13e4e8fb
GB05BZGM41057249308106,892290.44,Business,fe909d1a-638d-4ef9-9436-c67fd7e9cbac
GB22OFAP64074308069716,247519.74,Business,d66dc241-f47e-4348-b69a-5ebb6d156354
GB85DWLS46353020410765,83083.8,Business,8b033e69-e4c7-4ef6-9355-b8e45ac68ad3
GB64MWDD97226067895336,464763.49,Business,8b11a1e6-5bcd-4cb5-84df-4d0a9f8dc00c
GB22TZWK58195618233544,202722.22,Checking,901dceff-6be6-4203-abb7-048580f10ceb
GB33CJZO73384456429430,378157.86,Checking,b14d8871-5a59-4d46-8dd0-524e880576e0
GB88TTXI10756975990478,676923.41,Checking,3b2b5379-542b-4927-aa8f-c999882df375
GB91ZSNZ67282670850760,411527.06,Business,e5646623-26cc-4254-a3d8-020f2be91934
GB29FKFS39138070162036,997770.15,Business,2f159c48-48c6-46d0-b459-e81651d2b9e8
GB28FFYG77436066438123,508045.5,Savings,cdae07b6-edff-49ed-b465-a7c2a7b16cc7
GB56MFAR86811736032885,614371.84,Savings,5c06c1c0-54c0-4ffb-b1ff-53ab2fab71de
GB74WTNZ97969162295496,431184.62,Business,193bf0d2-ce43-47ac-8564-8dd5f2189186
GB52FHCK58456823350790,742260.11,Business,40807b85-7596-4b78-9c20-e33a3cff680e
GB42XDCB29233919110646,183042.21,Business,ca425c3b-b8f7-4722-9364-59cbdfbb7102
GB89FUMV24851035544714,437466.23,Savings,26ad3547-86b2-4760-8e29-566db0775143
GB74FQNY27887579316336,894726.66,Savings,56bcea6d-97a9-4a17-8481-8ab87463e145
GB62DOZP44085828840413,261052.24,Savings,9ed73f10-c941-4ede-b0b4-45d4c6143e98
GB09TLQE95810373925729,59704.06,Business,7ca78e46-cbdd-4d08-8aaf-9d731127c262
GB08UMBF72025356297780,110215.01,Checking,86494456-9e19-481d-97c0-c00d6d779579
GB14WWTF34690228488368,378915.68,Checking,82cb699a-2ea2-4091-89fb-3dc5d58e59ce
GB42XQJK35304589999123,246293.53,Business,2a09c583-dc79-40a0-bd5f-d946cec5ae0d
GB23YZMI30850925256623,446179.95,Business,33820887-8fb9-47e8-8935-54ee017ce187
GB04TLXM73207384539545,817976.04,Business,8fa8ed29-ebbe-4c37-b9c2-06db7fc30735
GB72MFII60613244724261,427203.7,Savings,c136fffb-0533-488a-9701-99f1ca44e995
GB53DIBU98406334194484,552830.72,Business,bdda907c-741b-4dd6-9b4d-db8f4daf8c61
